Id,IsDeleted,MasterRecordId,AccountId,LastName,FirstName,Salutation,Name,OtherStreet,OtherCity,OtherState,OtherPostalCode,OtherCountry,OtherLatitude,OtherLongitude,OtherGeocodeAccuracy,OtherAddress,MailingStreet,MailingCity,MailingState,MailingPostalCode,MailingCountry,MailingLatitude,MailingLongitude,MailingGeocodeAccuracy,MailingAddress,Phone,Fax,MobilePhone,HomePhone,OtherPhone,AssistantPhone,ReportsToId,Email,Title,Department,AssistantName,LeadSource,Birthdate,Description,OwnerId,CreatedDate,CreatedById,LastModifiedDate,LastModifiedById,SystemModstamp,LastActivityDate,LastCURequestDate,LastCUUpdateDate,LastViewedDate,LastReferencedDate,EmailBouncedReason,EmailBouncedDate,IsEmailBounced,PhotoUrl,Jigsaw,JigsawContactId,CleanStatus,IndividualId,Username__c
0030U00000oJwCJQA0,,,0010U00000zqsK9QAI,Karr,Reema,,Reema Karr,174 Unnamed Road,Youngstown,FL,32466,USA,,,,"{""city"":""Youngstown"",""country"":""USA"",""geocodeAccuracy"":null,""latitude"":null,""longitude"":null,""postalCode"":""32466"",""state"":""FL"",""street"":""174 Unnamed Road""}",174 Unnamed Road,Youngstown,FL,32466,USA,,,,"{""city"":""Youngstown"",""country"":""USA"",""geocodeAccuracy"":null,""latitude"":null,""longitude"":null,""postalCode"":""32466"",""state"":""FL"",""street"":""174 Unnamed Road""}",(555) 937-5145,,(555) 480-7710,(555) 818-6304,,,,reema.karr@example.com,,,,Web,1988-10-13,,0050U000002fKJPQA2,2020-03-12T23:06:22.000+0000,0050U000002fKJPQA2,2020-03-12T23:06:22.000+0000,0050U000002fKJPQA2,2020-03-12T23:06:22.000+0000,,,,2020-03-12T23:06:23.000+0000,2020-03-12T23:06:23.000+0000,,,,/services/images/photo/0030U00000oJwCJQA0,,,Pending,,admin630@electron.demo
0030U00000oJwAcQAK,,,0010U00000zqsINQAY,Flad,Shelby,,Shelby Flad,30303 SE Lusted Rd,Gresham,OR,97080,USA,,,,"{""city"":""Gresham"",""country"":""USA"",""geocodeAccuracy"":null,""latitude"":null,""longitude"":null,""postalCode"":""97080"",""state"":""OR"",""street"":""30303 SE Lusted Rd""}",30303 SE Lusted Rd,Gresham,OR,97080,USA,,,,"{""city"":""Gresham"",""country"":""USA"",""geocodeAccuracy"":null,""latitude"":null,""longitude"":null,""postalCode"":""97080"",""state"":""OR"",""street"":""30303 SE Lusted Rd""}",(555) 335-7687,,(555) 297-7123,(555) 487-3952,,,,shelby.flad@example.com,,,,Phone Inquiry,1959-12-02,,0050U000002fKJPQA2,2020-03-12T23:06:09.000+0000,0050U000002fKJPQA2,2020-03-12T23:06:09.000+0000,0050U000002fKJPQA2,2020-03-12T23:06:09.000+0000,,,,2020-03-12T23:06:09.000+0000,2020-03-12T23:06:09.000+0000,,,,/services/images/photo/0030U00000oJwAcQAK,,,Pending,,
0030U00000oJwAdQAK,,,0010U00000zqsIOQAY,Mortimer,Karan,,Karan Mortimer,111 West Illinois Street,Chicago,IL,60654,USA,,,,"{""city"":""Chicago"",""country"":""USA"",""geocodeAccuracy"":null,""latitude"":null,""longitude"":null,""postalCode"":""60654"",""state"":""IL"",""street"":""111 West Illinois Street""}",111 West Illinois Street,Chicago,IL,60654,USA,,,,"{""city"":""Chicago"",""country"":""USA"",""geocodeAccuracy"":null,""latitude"":null,""longitude"":null,""postalCode"":""60654"",""state"":""IL"",""street"":""111 West Illinois Street""}",(555) 868-5803,,(555) 516-8179,(555) 185-2944,,,,karan.mortimer@example.com,,,,Web,1993-12-08,,0050U000002fKJPQA2,2020-03-12T23:06:09.000+0000,0050U000002fKJPQA2,2020-03-12T23:06:09.000+0000,0050U000002fKJPQA2,2020-03-12T23:06:09.000+0000,,,,2020-03-12T23:06:09.000+0000,2020-03-12T23:06:09.000+0000,,,,/services/images/photo/0030U00000oJwAdQAK,,,Pending,,
0030U00000oJwAeQAK,,,0010U00000zqsIPQAY,Aines,Noelia,,Noelia Aines,5167 Pauline Field,Challis,ID,83226,USA,,,,"{""city"":""Challis"",""country"":""USA"",""geocodeAccuracy"":null,""latitude"":null,""longitude"":null,""postalCode"":""83226"",""state"":""ID"",""street"":""5167 Pauline Field""}",5167 Pauline Field,Challis,ID,83226,USA,,,,"{""city"":""Challis"",""country"":""USA"",""geocodeAccuracy"":null,""latitude"":null,""longitude"":null,""postalCode"":""83226"",""state"":""ID"",""street"":""5167 Pauline Field""}",(555) 714-9674,,(555) 184-9846,(555) 849-7633,,,,noelia.aines@example.com,,,,Other,1977-04-24,,0050U000002fKJPQA2,2020-03-12T23:06:09.000+0000,0050U000002fKJPQA2,2020-03-12T23:06:09.000+0000,0050U000002fKJPQA2,2020-03-12T23:06:09.000+0000,,,,2020-03-12T23:06:09.000+0000,2020-03-12T23:06:09.000+0000,,,,/services/images/photo/0030U00000oJwAeQAK,,,Pending,,
0030U00000oJwAfQAK,,,0010U00000zqsIQQAY,Ifft,Cherlyn,,Cherlyn Ifft,551 Oakdale Rd,Jamestown,NC,27282,USA,,,,"{""city"":""Jamestown"",""country"":""USA"",""geocodeAccuracy"":null,""latitude"":null,""longitude"":null,""postalCode"":""27282"",""state"":""NC"",""street"":""551 Oakdale Rd""}",551 Oakdale Rd,Jamestown,NC,27282,USA,,,,"{""city"":""Jamestown"",""country"":""USA"",""geocodeAccuracy"":null,""latitude"":null,""longitude"":null,""postalCode"":""27282"",""state"":""NC"",""street"":""551 Oakdale Rd""}",(555) 368-1842,,(555) 577-2680,(555) 487-5575,,,,cherlyn.ifft@example.com,,,,Web,2000-04-21,,0050U000002fKJPQA2,2020-03-12T23:06:09.000+0000,0050U000002fKJPQA2,2020-03-12T23:06:09.000+0000,0050U000002fKJPQA2,2020-03-12T23:06:09.000+0000,,,,2020-03-12T23:06:09.000+0000,2020-03-12T23:06:09.000+0000,,,,/services/images/photo/0030U00000oJwAfQAK,,,Pending,,
0030U00000oJwAgQAK,,,0010U00000zqsIRQAY,Inabinett,Jazmin,,Jazmin Inabinett,307 Bentley Manor,Shavano Park,TX,78249,USA,,,,"{""city"":""Shavano Park"",""country"":""USA"",""geocodeAccuracy"":null,""latitude"":null,""longitude"":null,""postalCode"":""78249"",""state"":""TX"",""street"":""307 Bentley Manor""}",307 Bentley Manor,Shavano Park,TX,78249,USA,,,,"{""city"":""Shavano Park"",""country"":""USA"",""geocodeAccuracy"":null,""latitude"":null,""longitude"":null,""postalCode"":""78249"",""state"":""TX"",""street"":""307 Bentley Manor""}",(555) 601-3576,,(555) 444-4511,(555) 899-5330,,,,jazmin.inabinett@example.com,,,,Phone Inquiry,1998-10-26,,0050U000002fKJPQA2,2020-03-12T23:06:09.000+0000,0050U000002fKJPQA2,2020-03-12T23:06:09.000+0000,0050U000002fKJPQA2,2020-03-12T23:06:09.000+0000,,,,2020-03-12T23:06:09.000+0000,2020-03-12T23:06:09.000+0000,,,,/services/images/photo/0030U00000oJwAgQAK,,,Pending,,
0030U00000oJwAhQAK,,,0010U00000zqsISQAY,Schipper,Yasuko,,Yasuko Schipper,3392 North Huron Road,Tawas City,MI,48763,USA,,,,"{""city"":""Tawas City"",""country"":""USA"",""geocodeAccuracy"":null,""latitude"":null,""longitude"":null,""postalCode"":""48763"",""state"":""MI"",""street"":""3392 North Huron Road""}",3392 North Huron Road,Tawas City,MI,48763,USA,,,,"{""city"":""Tawas City"",""country"":""USA"",""geocodeAccuracy"":null,""latitude"":null,""longitude"":null,""postalCode"":""48763"",""state"":""MI"",""street"":""3392 North Huron Road""}",(555) 692-6218,,(555) 276-6850,(555) 486-2606,,,,yasuko.schipper@example.com,,,,Phone Inquiry,2006-03-03,,0050U000002fKJPQA2,2020-03-12T23:06:09.000+0000,0050U000002fKJPQA2,2020-03-12T23:06:09.000+0000,0050U000002fKJPQA2,2020-03-12T23:06:09.000+0000,,,,2020-03-12T23:06:09.000+0000,2020-03-12T23:06:09.000+0000,,,,/services/images/photo/0030U00000oJwAhQAK,,,Pending,,
0030U00000oJwAiQAK,,,0010U00000zqsITQAY,Deahl,Josphine,,Josphine Deahl,6 Morningview Cir,Lake Oswego,OR,97035,USA,,,,"{""city"":""Lake Oswego"",""country"":""USA"",""geocodeAccuracy"":null,""latitude"":null,""longitude"":null,""postalCode"":""97035"",""state"":""OR"",""street"":""6 Morningview Cir""}",6 Morningview Cir,Lake Oswego,OR,97035,USA,,,,"{""city"":""Lake Oswego"",""country"":""USA"",""geocodeAccuracy"":null,""latitude"":null,""longitude"":null,""postalCode"":""97035"",""state"":""OR"",""street"":""6 Morningview Cir""}",(555) 342-5128,,(555) 573-3221,(555) 435-3444,,,,josphine.deahl@example.com,,,,Other,1962-10-11,,0050U000002fKJPQA2,2020-03-12T23:06:09.000+0000,0050U000002fKJPQA2,2020-03-12T23:06:09.000+0000,0050U000002fKJPQA2,2020-03-12T23:06:09.000+0000,,,,2020-03-12T23:06:09.000+0000,2020-03-12T23:06:09.000+0000,,,,/services/images/photo/0030U00000oJwAiQAK,,,Pending,,
0030U00000oJwAjQAK,,,0010U00000zqsIUQAY,Parenteau,Marvis,,Marvis Parenteau,658 Gibraltar Ct,Milpitas,CA,95035,USA,,,,"{""city"":""Milpitas"",""country"":""USA"",""geocodeAccuracy"":null,""latitude"":null,""longitude"":null,""postalCode"":""95035"",""state"":""CA"",""street"":""658 Gibraltar Ct""}",658 Gibraltar Ct,Milpitas,CA,95035,USA,,,,"{""city"":""Milpitas"",""country"":""USA"",""geocodeAccuracy"":null,""latitude"":null,""longitude"":null,""postalCode"":""95035"",""state"":""CA"",""street"":""658 Gibraltar Ct""}",(555) 578-9293,,(555) 477-7091,(555) 367-7329,,,,marvis.parenteau@example.com,,,,Partner Referral,1967-12-25,,0050U000002fKJPQA2,2020-03-12T23:06:09.000+0000,0050U000002fKJPQA2,2020-03-12T23:06:09.000+0000,0050U000002fKJPQA2,2020-03-12T23:06:09.000+0000,,,,2020-03-12T23:06:09.000+0000,2020-03-12T23:06:09.000+0000,,,,/services/images/photo/0030U00000oJwAjQAK,,,Pending,,
0030U00000oJwAkQAK,,,0010U00000zqsIVQAY,Losinski,Chanell,,Chanell Losinski,500 Boylston Street,Boston,MA,02116,USA,,,,"{""city"":""Boston"",""country"":""USA"",""geocodeAccuracy"":null,""latitude"":null,""longitude"":null,""postalCode"":""02116"",""state"":""MA"",""street"":""500 Boylston Street""}",500 Boylston Street,Boston,MA,02116,USA,,,,"{""city"":""Boston"",""country"":""USA"",""geocodeAccuracy"":null,""latitude"":null,""longitude"":null,""postalCode"":""02116"",""state"":""MA"",""street"":""500 Boylston Street""}",(555) 327-4986,,(555) 888-2058,(555) 267-1274,,,,chanell.losinski@example.com,,,,Partner Referral,1978-10-02,,0050U000002fKJPQA2,2020-03-12T23:06:09.000+0000,0050U000002fKJPQA2,2020-03-12T23:06:09.000+0000,0050U000002fKJPQA2,2020-03-12T23:06:09.000+0000,,,,2020-03-12T23:06:09.000+0000,2020-03-12T23:06:09.000+0000,,,,/services/images/photo/0030U00000oJwAkQAK,,,Pending,,
0030U00000oJwAlQAK,,,0010U00000zqsIWQAY,Dunham,Jule,,Jule Dunham,10105 Propps St NE,Albuquerque,NM,87112,USA,,,,"{""city"":""Albuquerque"",""country"":""USA"",""geocodeAccuracy"":null,""latitude"":null,""longitude"":null,""postalCode"":""87112"",""state"":""NM"",""street"":""10105 Propps St NE""}",10105 Propps St NE,Albuquerque,NM,87112,USA,,,,"{""city"":""Albuquerque"",""country"":""USA"",""geocodeAccuracy"":null,""latitude"":null,""longitude"":null,""postalCode"":""87112"",""state"":""NM"",""street"":""10105 Propps St NE""}",(555) 793-3002,,(555) 280-7911,(555) 577-2077,,,,jule.dunham@example.com,,,,Phone Inquiry,1974-02-14,,0050U000002fKJPQA2,2020-03-12T23:06:09.000+0000,0050U000002fKJPQA2,2020-03-12T23:06:09.000+0000,0050U000002fKJPQA2,2020-03-12T23:06:09.000+0000,,,,2020-03-12T23:06:09.000+0000,2020-03-12T23:06:09.000+0000,,,,/services/images/photo/0030U00000oJwAlQAK,,,Pending,,
0030U00000oJwAmQAK,,,0010U00000zqsIXQAY,Fraccola,Venita,,Venita Fraccola,929 108th Ave NE,Bellevue,WA,98004,USA,,,,"{""city"":""Bellevue"",""country"":""USA"",""geocodeAccuracy"":null,""latitude"":null,""longitude"":null,""postalCode"":""98004"",""state"":""WA"",""street"":""929 108th Ave NE""}",929 108th Ave NE,Bellevue,WA,98004,USA,,,,"{""city"":""Bellevue"",""country"":""USA"",""geocodeAccuracy"":null,""latitude"":null,""longitude"":null,""postalCode"":""98004"",""state"":""WA"",""street"":""929 108th Ave NE""}",(555) 759-1183,,(555) 778-5028,(555) 721-8851,,,,venita.fraccola@example.com,,,,Web,2001-09-27,,0050U000002fKJPQA2,2020-03-12T23:06:09.000+0000,0050U000002fKJPQA2,2020-03-12T23:06:09.000+0000,0050U000002fKJPQA2,2020-03-12T23:06:09.000+0000,,,,2020-03-12T23:06:09.000+0000,2020-03-12T23:06:09.000+0000,,,,/services/images/photo/0030U00000oJwAmQAK,,,Pending,,
0030U00000oJwAnQAK,,,0010U00000zqsIYQAY,Powelson,Isela,,Isela Powelson,23 Browns Lake Road,Helmville,MT,59843,USA,,,,"{""city"":""Helmville"",""country"":""USA"",""geocodeAccuracy"":null,""latitude"":null,""longitude"":null,""postalCode"":""59843"",""state"":""MT"",""street"":""23 Browns Lake Road""}",23 Browns Lake Road,Helmville,MT,59843,USA,,,,"{""city"":""Helmville"",""country"":""USA"",""geocodeAccuracy"":null,""latitude"":null,""longitude"":null,""postalCode"":""59843"",""state"":""MT"",""street"":""23 Browns Lake Road""}",(555) 936-5939,,(555) 399-3401,(555) 482-3987,,,,isela.powelson@example.com,,,,Phone Inquiry,1985-06-21,,0050U000002fKJPQA2,2020-03-12T23:06:09.000+0000,0050U000002fKJPQA2,2020-03-12T23:06:09.000+0000,0050U000002fKJPQA2,2020-03-12T23:06:09.000+0000,,,,2020-03-12T23:06:09.000+0000,2020-03-12T23:06:09.000+0000,,,,/services/images/photo/0030U00000oJwAnQAK,,,Pending,,
0030U00000oJwAoQAK,,,0010U00000zqsIZQAY,Faulconer,Emilie,,Emilie Faulconer,307 Bentley Manor,Shavano Park,TX,78249,USA,,,,"{""city"":""Shavano Park"",""country"":""USA"",""geocodeAccuracy"":null,""latitude"":null,""longitude"":null,""postalCode"":""78249"",""state"":""TX"",""street"":""307 Bentley Manor""}",307 Bentley Manor,Shavano Park,TX,78249,USA,,,,"{""city"":""Shavano Park"",""country"":""USA"",""geocodeAccuracy"":null,""latitude"":null,""longitude"":null,""postalCode"":""78249"",""state"":""TX"",""street"":""307 Bentley Manor""}",(555) 775-3727,,(555) 878-6521,(555) 704-9083,,,,emilie.faulconer@example.com,,,,Phone Inquiry,1969-01-10,,0050U000002fKJPQA2,2020-03-12T23:06:09.000+0000,0050U000002fKJPQA2,2020-03-12T23:06:09.000+0000,0050U000002fKJPQA2,2020-03-12T23:06:09.000+0000,,,,2020-03-12T23:06:09.000+0000,2020-03-12T23:06:09.000+0000,,,,/services/images/photo/0030U00000oJwAoQAK,,,Pending,,
0030U00000oJwApQAK,,,0010U00000zqsIaQAI,Rieder,Bunny,,Bunny Rieder,2550 Wasser Terrace,Herndon,VA,20171,USA,,,,"{""city"":""Herndon"",""country"":""USA"",""geocodeAccuracy"":null,""latitude"":null,""longitude"":null,""postalCode"":""20171"",""state"":""VA"",""street"":""2550 Wasser Terrace""}",2550 Wasser Terrace,Herndon,VA,20171,USA,,,,"{""city"":""Herndon"",""country"":""USA"",""geocodeAccuracy"":null,""latitude"":null,""longitude"":null,""postalCode"":""20171"",""state"":""VA"",""street"":""2550 Wasser Terrace""}",(555) 915-1662,,(555) 480-9124,(555) 547-7568,,,,bunny.rieder@example.com,,,,Partner Referral,1979-08-14,,0050U000002fKJPQA2,2020-03-12T23:06:09.000+0000,0050U000002fKJPQA2,2020-03-12T23:06:09.000+0000,0050U000002fKJPQA2,2020-03-12T23:06:09.000+0000,,,,2020-03-12T23:06:09.000+0000,2020-03-12T23:06:09.000+0000,,,,/services/images/photo/0030U00000oJwApQAK,,,Pending,,
0030U00000oJwAqQAK,,,0010U00000zqsIbQAI,Bisso,Rosetta,,Rosetta Bisso,174 Unnamed Road,Youngstown,FL,32466,USA,,,,"{""city"":""Youngstown"",""country"":""USA"",""geocodeAccuracy"":null,""latitude"":null,""longitude"":null,""postalCode"":""32466"",""state"":""FL"",""street"":""174 Unnamed Road""}",174 Unnamed Road,Youngstown,FL,32466,USA,,,,"{""city"":""Youngstown"",""country"":""USA"",""geocodeAccuracy"":null,""latitude"":null,""longitude"":null,""postalCode"":""32466"",""state"":""FL"",""street"":""174 Unnamed Road""}",(555) 221-4535,,(555) 959-6850,(555) 707-6556,,,,rosetta.bisso@example.com,,,,Other,1949-01-30,,0050U000002fKJPQA2,2020-03-12T23:06:09.000+0000,0050U000002fKJPQA2,2020-03-12T23:06:09.000+0000,0050U000002fKJPQA2,2020-03-12T23:06:09.000+0000,,,,2020-03-12T23:06:09.000+0000,2020-03-12T23:06:09.000+0000,,,,/services/images/photo/0030U00000oJwAqQAK,,,Pending,,
0030U00000oJwArQAK,,,0010U00000zqsIcQAI,Abusufait,Yukiko,,Yukiko Abusufait,7926 Droege Road,Decatur,IN,46733,USA,,,,"{""city"":""Decatur"",""country"":""USA"",""geocodeAccuracy"":null,""latitude"":null,""longitude"":null,""postalCode"":""46733"",""state"":""IN"",""street"":""7926 Droege Road""}",7926 Droege Road,Decatur,IN,46733,USA,,,,"{""city"":""Decatur"",""country"":""USA"",""geocodeAccuracy"":null,""latitude"":null,""longitude"":null,""postalCode"":""46733"",""state"":""IN"",""street"":""7926 Droege Road""}",(555) 619-5126,,(555) 946-8505,(555) 385-5058,,,,yukiko.abusufait@example.com,,,,Phone Inquiry,1952-10-25,,0050U000002fKJPQA2,2020-03-12T23:06:09.000+0000,0050U000002fKJPQA2,2020-03-12T23:06:09.000+0000,0050U000002fKJPQA2,2020-03-12T23:06:09.000+0000,,,,2020-03-12T23:06:09.000+0000,2020-03-12T23:06:09.000+0000,,,,/services/images/photo/0030U00000oJwArQAK,,,Pending,,
0030U00000oJwAsQAK,,,0010U00000zqsIdQAI,Leek,Emmitt,,Emmitt Leek,23 Browns Lake Road,Helmville,MT,59843,USA,,,,"{""city"":""Helmville"",""country"":""USA"",""geocodeAccuracy"":null,""latitude"":null,""longitude"":null,""postalCode"":""59843"",""state"":""MT"",""street"":""23 Browns Lake Road""}",23 Browns Lake Road,Helmville,MT,59843,USA,,,,"{""city"":""Helmville"",""country"":""USA"",""geocodeAccuracy"":null,""latitude"":null,""longitude"":null,""postalCode"":""59843"",""state"":""MT"",""street"":""23 Browns Lake Road""}",(555) 942-9818,,(555) 585-4881,(555) 740-3461,,,,emmitt.leek@example.com,,,,Other,1959-10-15,,0050U000002fKJPQA2,2020-03-12T23:06:09.000+0000,0050U000002fKJPQA2,2020-03-12T23:06:09.000+0000,0050U000002fKJPQA2,2020-03-12T23:06:09.000+0000,,,,2020-03-12T23:06:09.000+0000,2020-03-12T23:06:09.000+0000,,,,/services/images/photo/0030U00000oJwAsQAK,,,Pending,,
0030U00000oJwAtQAK,,,0010U00000zqsIeQAI,Maloy,Boris,,Boris Maloy,22655 Fairfield Rd,St Augusta,MN,56301,USA,,,,"{""city"":""St Augusta"",""country"":""USA"",""geocodeAccuracy"":null,""latitude"":null,""longitude"":null,""postalCode"":""56301"",""state"":""MN"",""street"":""22655 Fairfield Rd""}",22655 Fairfield Rd,St Augusta,MN,56301,USA,,,,"{""city"":""St Augusta"",""country"":""USA"",""geocodeAccuracy"":null,""latitude"":null,""longitude"":null,""postalCode"":""56301"",""state"":""MN"",""street"":""22655 Fairfield Rd""}",(555) 333-9112,,(555) 356-1884,(555) 780-3422,,,,boris.maloy@example.com,,,,Partner Referral,1986-07-09,,0050U000002fKJPQA2,2020-03-12T23:06:09.000+0000,0050U000002fKJPQA2,2020-03-12T23:06:09.000+0000,0050U000002fKJPQA2,2020-03-12T23:06:09.000+0000,,,,2020-03-12T23:06:09.000+0000,2020-03-12T23:06:09.000+0000,,,,/services/images/photo/0030U00000oJwAtQAK,,,Pending,,
0030U00000oJwAuQAK,,,0010U00000zqsIfQAI,Collister,Denisha,,Denisha Collister,174 Unnamed Road,Youngstown,FL,32466,USA,,,,"{""city"":""Youngstown"",""country"":""USA"",""geocodeAccuracy"":null,""latitude"":null,""longitude"":null,""postalCode"":""32466"",""state"":""FL"",""street"":""174 Unnamed Road""}",174 Unnamed Road,Youngstown,FL,32466,USA,,,,"{""city"":""Youngstown"",""country"":""USA"",""geocodeAccuracy"":null,""latitude"":null,""longitude"":null,""postalCode"":""32466"",""state"":""FL"",""street"":""174 Unnamed Road""}",(555) 473-9301,,(555) 541-7724,(555) 920-8819,,,,denisha.collister@example.com,,,,Web,1957-03-08,,0050U000002fKJPQA2,2020-03-12T23:06:09.000+0000,0050U000002fKJPQA2,2020-03-12T23:06:09.000+0000,0050U000002fKJPQA2,2020-03-12T23:06:09.000+0000,,,,2020-03-12T23:06:09.000+0000,2020-03-12T23:06:09.000+0000,,,,/services/images/photo/0030U00000oJwAuQAK,,,Pending,,
0030U00000oJwAvQAK,,,0010U00000zqsIgQAI,Bulwinkle,Rozanne,,Rozanne Bulwinkle,300 Spectrum Center Drive,Irvine,CA,92618,USA,,,,"{""city"":""Irvine"",""country"":""USA"",""geocodeAccuracy"":null,""latitude"":null,""longitude"":null,""postalCode"":""92618"",""state"":""CA"",""street"":""300 Spectrum Center Drive""}",300 Spectrum Center Drive,Irvine,CA,92618,USA,,,,"{""city"":""Irvine"",""country"":""USA"",""geocodeAccuracy"":null,""latitude"":null,""longitude"":null,""postalCode"":""92618"",""state"":""CA"",""street"":""300 Spectrum Center Drive""}",(555) 835-7879,,(555) 552-1445,(555) 829-6864,,,,rozanne.bulwinkle@example.com,,,,Web,2003-01-15,,0050U000002fKJPQA2,2020-03-12T23:06:09.000+0000,0050U000002fKJPQA2,2020-03-12T23:06:09.000+0000,0050U000002fKJPQA2,2020-03-12T23:06:09.000+0000,,,,2020-03-12T23:06:09.000+0000,2020-03-12T23:06:09.000+0000,,,,/services/images/photo/0030U00000oJwAvQAK,,,Pending,,
0030U00000oJwAwQAK,,,0010U00000zqsIhQAI,Richey,Shandi,,Shandi Richey,6 Morningview Cir,Lake Oswego,OR,97035,USA,,,,"{""city"":""Lake Oswego"",""country"":""USA"",""geocodeAccuracy"":null,""latitude"":null,""longitude"":null,""postalCode"":""97035"",""state"":""OR"",""street"":""6 Morningview Cir""}",6 Morningview Cir,Lake Oswego,OR,97035,USA,,,,"{""city"":""Lake Oswego"",""country"":""USA"",""geocodeAccuracy"":null,""latitude"":null,""longitude"":null,""postalCode"":""97035"",""state"":""OR"",""street"":""6 Morningview Cir""}",(555) 160-6874,,(555) 500-6135,(555) 392-7046,,,,shandi.richey@example.com,,,,Web,1989-06-10,,0050U000002fKJPQA2,2020-03-12T23:06:09.000+0000,0050U000002fKJPQA2,2020-03-12T23:06:09.000+0000,0050U000002fKJPQA2,2020-03-12T23:06:09.000+0000,,,,2020-03-12T23:06:09.000+0000,2020-03-12T23:06:09.000+0000,,,,/services/images/photo/0030U00000oJwAwQAK,,,Pending,,
0030U00000oJwAxQAK,,,0010U00000zqsIiQAI,Roessner,Mitch,,Mitch Roessner,1095 Avenue of the Americas,New York,NY,10036,USA,,,,"{""city"":""New York"",""country"":""USA"",""geocodeAccuracy"":null,""latitude"":null,""longitude"":null,""postalCode"":""10036"",""state"":""NY"",""street"":""1095 Avenue of the Americas""}",1095 Avenue of the Americas,New York,NY,10036,USA,,,,"{""city"":""New York"",""country"":""USA"",""geocodeAccuracy"":null,""latitude"":null,""longitude"":null,""postalCode"":""10036"",""state"":""NY"",""street"":""1095 Avenue of the Americas""}",(555) 960-7829,,(555) 207-8134,(555) 946-7839,,,,mitch.roessner@example.com,,,,Web,1968-10-05,,0050U000002fKJPQA2,2020-03-12T23:06:09.000+0000,0050U000002fKJPQA2,2020-03-12T23:06:09.000+0000,0050U000002fKJPQA2,2020-03-12T23:06:09.000+0000,,,,2020-03-12T23:06:09.000+0000,2020-03-12T23:06:09.000+0000,,,,/services/images/photo/0030U00000oJwAxQAK,,,Pending,,
0030U00000oJwAyQAK,,,0010U00000zqsIjQAI,Moehr,Leda,,Leda Moehr,10 Bay Street,Toronto,ON,M5J 2R8,Canada,,,,"{""city"":""Toronto"",""country"":""Canada"",""geocodeAccuracy"":null,""latitude"":null,""longitude"":null,""postalCode"":""M5J 2R8"",""state"":""ON"",""street"":""10 Bay Street""}",10 Bay Street,Toronto,ON,M5J 2R8,Canada,,,,"{""city"":""Toronto"",""country"":""Canada"",""geocodeAccuracy"":null,""latitude"":null,""longitude"":null,""postalCode"":""M5J 2R8"",""state"":""ON"",""street"":""10 Bay Street""}",(555) 166-8894,,(555) 364-4497,(555) 918-3763,,,,leda.moehr@example.com,,,,Partner Referral,1955-02-03,,0050U000002fKJPQA2,2020-03-12T23:06:09.000+0000,0050U000002fKJPQA2,2020-03-12T23:06:09.000+0000,0050U000002fKJPQA2,2020-03-12T23:06:09.000+0000,,,,2020-03-12T23:06:09.000+0000,2020-03-12T23:06:09.000+0000,,,,/services/images/photo/0030U00000oJwAyQAK,,,Pending,,
0030U00000oJwAzQAK,,,0010U00000zqsIkQAI,Sajous,Benito,,Benito Sajous,1012 Grand River Dr NE,Ada,MI,49301,USA,,,,"{""city"":""Ada"",""country"":""USA"",""geocodeAccuracy"":null,""latitude"":null,""longitude"":null,""postalCode"":""49301"",""state"":""MI"",""street"":""1012 Grand River Dr NE""}",1012 Grand River Dr NE,Ada,MI,49301,USA,,,,"{""city"":""Ada"",""country"":""USA"",""geocodeAccuracy"":null,""latitude"":null,""longitude"":null,""postalCode"":""49301"",""state"":""MI"",""street"":""1012 Grand River Dr NE""}",(555) 755-5088,,(555) 576-8850,(555) 633-7591,,,,benito.sajous@example.com,,,,Phone Inquiry,1960-12-25,,0050U000002fKJPQA2,2020-03-12T23:06:09.000+0000,0050U000002fKJPQA2,2020-03-12T23:06:09.000+0000,0050U000002fKJPQA2,2020-03-12T23:06:09.000+0000,,,,2020-03-12T23:06:09.000+0000,2020-03-12T23:06:09.000+0000,,,,/services/images/photo/0030U00000oJwAzQAK,,,Pending,,
0030U00000oJwB0QAK,,,0010U00000zqsIlQAI,Poster,Stuart,,Stuart Poster,1442 2nd Street,Santa Monica,CA,90401,USA,,,,"{""city"":""Santa Monica"",""country"":""USA"",""geocodeAccuracy"":null,""latitude"":null,""longitude"":null,""postalCode"":""90401"",""state"":""CA"",""street"":""1442 2nd Street""}",1442 2nd Street,Santa Monica,CA,90401,USA,,,,"{""city"":""Santa Monica"",""country"":""USA"",""geocodeAccuracy"":null,""latitude"":null,""longitude"":null,""postalCode"":""90401"",""state"":""CA"",""street"":""1442 2nd Street""}",(555) 180-6097,,(555) 330-5517,(555) 784-6006,,,,stuart.poster@example.com,,,,Partner Referral,1962-11-28,,0050U000002fKJPQA2,2020-03-12T23:06:09.000+0000,0050U000002fKJPQA2,2020-03-12T23:06:09.000+0000,0050U000002fKJPQA2,2020-03-12T23:06:09.000+0000,,,,2020-03-12T23:06:09.000+0000,2020-03-12T23:06:09.000+0000,,,,/services/images/photo/0030U00000oJwB0QAK,,,Pending,,
0030U00000oJwB1QAK,,,0010U00000zqsImQAI,Kudro,Lasonya,,Lasonya Kudro,400 Grant Ave,Duquesne,PA,15110,USA,,,,"{""city"":""Duquesne"",""country"":""USA"",""geocodeAccuracy"":null,""latitude"":null,""longitude"":null,""postalCode"":""15110"",""state"":""PA"",""street"":""400 Grant Ave""}",400 Grant Ave,Duquesne,PA,15110,USA,,,,"{""city"":""Duquesne"",""country"":""USA"",""geocodeAccuracy"":null,""latitude"":null,""longitude"":null,""postalCode"":""15110"",""state"":""PA"",""street"":""400 Grant Ave""}",(555) 626-8618,,(555) 905-8937,(555) 983-8466,,,,lasonya.kudro@example.com,,,,Other,1943-08-31,,0050U000002fKJPQA2,2020-03-12T23:06:09.000+0000,0050U000002fKJPQA2,2020-03-12T23:06:09.000+0000,0050U000002fKJPQA2,2020-03-12T23:06:09.000+0000,,,,2020-03-12T23:06:09.000+0000,2020-03-12T23:06:09.000+0000,,,,/services/images/photo/0030U00000oJwB1QAK,,,Pending,,
0030U00000oJwB2QAK,,,0010U00000zqsInQAI,Scachette,Cedrick,,Cedrick Scachette,23 Browns Lake Road,Helmville,MT,59843,USA,,,,"{""city"":""Helmville"",""country"":""USA"",""geocodeAccuracy"":null,""latitude"":null,""longitude"":null,""postalCode"":""59843"",""state"":""MT"",""street"":""23 Browns Lake Road""}",23 Browns Lake Road,Helmville,MT,59843,USA,,,,"{""city"":""Helmville"",""country"":""USA"",""geocodeAccuracy"":null,""latitude"":null,""longitude"":null,""postalCode"":""59843"",""state"":""MT"",""street"":""23 Browns Lake Road""}",(555) 556-4500,,(555) 236-1127,(555) 587-1735,,,,cedrick.scachette@example.com,,,,Partner Referral,1944-11-24,,0050U000002fKJPQA2,2020-03-12T23:06:09.000+0000,0050U000002fKJPQA2,2020-03-12T23:06:09.000+0000,0050U000002fKJPQA2,2020-03-12T23:06:09.000+0000,,,,2020-03-12T23:06:09.000+0000,2020-03-12T23:06:09.000+0000,,,,/services/images/photo/0030U00000oJwB2QAK,,,Pending,,
0030U00000oJwB3QAK,,,0010U00000zqsIoQAI,Zelaya,Eusebia,,Eusebia Zelaya,6010 London Dr,Sunset Valley,TX,78745,USA,,,,"{""city"":""Sunset Valley"",""country"":""USA"",""geocodeAccuracy"":null,""latitude"":null,""longitude"":null,""postalCode"":""78745"",""state"":""TX"",""street"":""6010 London Dr""}",6010 London Dr,Sunset Valley,TX,78745,USA,,,,"{""city"":""Sunset Valley"",""country"":""USA"",""geocodeAccuracy"":null,""latitude"":null,""longitude"":null,""postalCode"":""78745"",""state"":""TX"",""street"":""6010 London Dr""}",(555) 491-8410,,(555) 841-1798,(555) 756-7111,,,,eusebia.zelaya@example.com,,,,Phone Inquiry,1949-02-08,,0050U000002fKJPQA2,2020-03-12T23:06:09.000+0000,0050U000002fKJPQA2,2020-03-12T23:06:09.000+0000,0050U000002fKJPQA2,2020-03-12T23:06:09.000+0000,,,,2020-03-12T23:06:09.000+0000,2020-03-12T23:06:09.000+0000,,,,/services/images/photo/0030U00000oJwB3QAK,,,Pending,,
0030U00000oJwB4QAK,,,0010U00000zqsIpQAI,Trocchio,Gwyneth,,Gwyneth Trocchio,541 SW Georgetown Way,Beaverton,OR,97006,USA,,,,"{""city"":""Beaverton"",""country"":""USA"",""geocodeAccuracy"":null,""latitude"":null,""longitude"":null,""postalCode"":""97006"",""state"":""OR"",""street"":""541 SW Georgetown Way""}",541 SW Georgetown Way,Beaverton,OR,97006,USA,,,,"{""city"":""Beaverton"",""country"":""USA"",""geocodeAccuracy"":null,""latitude"":null,""longitude"":null,""postalCode"":""97006"",""state"":""OR"",""street"":""541 SW Georgetown Way""}",(555) 608-7988,,(555) 243-2539,(555) 420-7574,,,,gwyneth.trocchio@example.com,,,,Partner Referral,1981-09-14,,0050U000002fKJPQA2,2020-03-12T23:06:09.000+0000,0050U000002fKJPQA2,2020-03-12T23:06:09.000+0000,0050U000002fKJPQA2,2020-03-12T23:06:09.000+0000,,,,2020-03-12T23:06:09.000+0000,2020-03-12T23:06:09.000+0000,,,,/services/images/photo/0030U00000oJwB4QAK,,,Pending,,
0030U00000oJwB5QAK,,,0010U00000zqsIqQAI,Yeates,Sherry,,Sherry Yeates,4561 Springdale Rd,Millbrook,AL,36054,USA,,,,"{""city"":""Millbrook"",""country"":""USA"",""geocodeAccuracy"":null,""latitude"":null,""longitude"":null,""postalCode"":""36054"",""state"":""AL"",""street"":""4561 Springdale Rd""}",4561 Springdale Rd,Millbrook,AL,36054,USA,,,,"{""city"":""Millbrook"",""country"":""USA"",""geocodeAccuracy"":null,""latitude"":null,""longitude"":null,""postalCode"":""36054"",""state"":""AL"",""street"":""4561 Springdale Rd""}",(555) 396-5398,,(555) 515-9720,(555) 621-9017,,,,sherry.yeates@example.com,,,,Partner Referral,1981-01-17,,0050U000002fKJPQA2,2020-03-12T23:06:09.000+0000,0050U000002fKJPQA2,2020-03-12T23:06:09.000+0000,0050U000002fKJPQA2,2020-03-12T23:06:09.000+0000,,,,2020-03-12T23:06:09.000+0000,2020-03-12T23:06:09.000+0000,,,,/services/images/photo/0030U00000oJwB5QAK,,,Pending,,
0030U00000oJwB6QAK,,,0010U00000zqsIrQAI,Fanjoy,Kathaleen,,Kathaleen Fanjoy,2084 Waelchi Road,Denton,MT,59430,USA,,,,"{""city"":""Denton"",""country"":""USA"",""geocodeAccuracy"":null,""latitude"":null,""longitude"":null,""postalCode"":""59430"",""state"":""MT"",""street"":""2084 Waelchi Road""}",2084 Waelchi Road,Denton,MT,59430,USA,,,,"{""city"":""Denton"",""country"":""USA"",""geocodeAccuracy"":null,""latitude"":null,""longitude"":null,""postalCode"":""59430"",""state"":""MT"",""street"":""2084 Waelchi Road""}",(555) 861-1901,,(555) 130-2573,(555) 387-8061,,,,kathaleen.fanjoy@example.com,,,,Phone Inquiry,1990-07-02,,0050U000002fKJPQA2,2020-03-12T23:06:09.000+0000,0050U000002fKJPQA2,2020-03-12T23:06:09.000+0000,0050U000002fKJPQA2,2020-03-12T23:06:09.000+0000,,,,2020-03-12T23:06:09.000+0000,2020-03-12T23:06:09.000+0000,,,,/services/images/photo/0030U00000oJwB6QAK,,,Pending,,
0030U00000oJwB7QAK,,,0010U00000zqsIsQAI,Pendl,Mack,,Mack Pendl,1012 Grand River Dr NE,Ada,MI,49301,USA,,,,"{""city"":""Ada"",""country"":""USA"",""geocodeAccuracy"":null,""latitude"":null,""longitude"":null,""postalCode"":""49301"",""state"":""MI"",""street"":""1012 Grand River Dr NE""}",1012 Grand River Dr NE,Ada,MI,49301,USA,,,,"{""city"":""Ada"",""country"":""USA"",""geocodeAccuracy"":null,""latitude"":null,""longitude"":null,""postalCode"":""49301"",""state"":""MI"",""street"":""1012 Grand River Dr NE""}",(555) 338-3738,,(555) 741-8230,(555) 921-9427,,,,mack.pendl@example.com,,,,Partner Referral,1983-01-02,,0050U000002fKJPQA2,2020-03-12T23:06:09.000+0000,0050U000002fKJPQA2,2020-03-12T23:06:09.000+0000,0050U000002fKJPQA2,2020-03-12T23:06:09.000+0000,,,,2020-03-12T23:06:09.000+0000,2020-03-12T23:06:09.000+0000,,,,/services/images/photo/0030U00000oJwB7QAK,,,Pending,,
0030U00000oJwB8QAK,,,0010U00000zqsItQAI,Rona,Yelena,,Yelena Rona,145 County Road 88,Guffey,CO,80820,USA,,,,"{""city"":""Guffey"",""country"":""USA"",""geocodeAccuracy"":null,""latitude"":null,""longitude"":null,""postalCode"":""80820"",""state"":""CO"",""street"":""145 County Road 88""}",145 County Road 88,Guffey,CO,80820,USA,,,,"{""city"":""Guffey"",""country"":""USA"",""geocodeAccuracy"":null,""latitude"":null,""longitude"":null,""postalCode"":""80820"",""state"":""CO"",""street"":""145 County Road 88""}",(555) 741-7336,,(555) 567-4081,(555) 217-4205,,,,yelena.rona@example.com,,,,Phone Inquiry,1975-06-01,,0050U000002fKJPQA2,2020-03-12T23:06:09.000+0000,0050U000002fKJPQA2,2020-03-12T23:06:09.000+0000,0050U000002fKJPQA2,2020-03-12T23:06:09.000+0000,,,,2020-03-12T23:06:09.000+0000,2020-03-12T23:06:09.000+0000,,,,/services/images/photo/0030U00000oJwB8QAK,,,Pending,,
0030U00000oJwB9QAK,,,0010U00000zqsIuQAI,Suns,Simon,,Simon Suns,3392 North Huron Road,Tawas City,MI,48763,USA,,,,"{""city"":""Tawas City"",""country"":""USA"",""geocodeAccuracy"":null,""latitude"":null,""longitude"":null,""postalCode"":""48763"",""state"":""MI"",""street"":""3392 North Huron Road""}",3392 North Huron Road,Tawas City,MI,48763,USA,,,,"{""city"":""Tawas City"",""country"":""USA"",""geocodeAccuracy"":null,""latitude"":null,""longitude"":null,""postalCode"":""48763"",""state"":""MI"",""street"":""3392 North Huron Road""}",(555) 223-2466,,(555) 374-2669,(555) 676-1674,,,,simon.suns@example.com,,,,Web,1945-03-08,,0050U000002fKJPQA2,2020-03-12T23:06:09.000+0000,0050U000002fKJPQA2,2020-03-12T23:06:09.000+0000,0050U000002fKJPQA2,2020-03-12T23:06:09.000+0000,,,,2020-03-12T23:06:09.000+0000,2020-03-12T23:06:09.000+0000,,,,/services/images/photo/0030U00000oJwB9QAK,,,Pending,,
0030U00000oJwBAQA0,,,0010U00000zqsIvQAI,Zeise,Dahlia,,Dahlia Zeise,2084 Waelchi Road,Denton,MT,59430,USA,,,,"{""city"":""Denton"",""country"":""USA"",""geocodeAccuracy"":null,""latitude"":null,""longitude"":null,""postalCode"":""59430"",""state"":""MT"",""street"":""2084 Waelchi Road""}",2084 Waelchi Road,Denton,MT,59430,USA,,,,"{""city"":""Denton"",""country"":""USA"",""geocodeAccuracy"":null,""latitude"":null,""longitude"":null,""postalCode"":""59430"",""state"":""MT"",""street"":""2084 Waelchi Road""}",(555) 356-7098,,(555) 315-1431,(555) 137-4149,,,,dahlia.zeise@example.com,,,,Partner Referral,1940-12-26,,0050U000002fKJPQA2,2020-03-12T23:06:09.000+0000,0050U000002fKJPQA2,2020-03-12T23:06:09.000+0000,0050U000002fKJPQA2,2020-03-12T23:06:09.000+0000,,,,2020-03-12T23:06:09.000+0000,2020-03-12T23:06:09.000+0000,,,,/services/images/photo/0030U00000oJwBAQA0,,,Pending,,
0030U00000oJwBBQA0,,,0010U00000zqsIwQAI,Coppernoll,Norine,,Norine Coppernoll,361 Centennial Parkway,Louisville,CO,80027,USA,,,,"{""city"":""Louisville"",""country"":""USA"",""geocodeAccuracy"":null,""latitude"":null,""longitude"":null,""postalCode"":""80027"",""state"":""CO"",""street"":""361 Centennial Parkway""}",361 Centennial Parkway,Louisville,CO,80027,USA,,,,"{""city"":""Louisville"",""country"":""USA"",""geocodeAccuracy"":null,""latitude"":null,""longitude"":null,""postalCode"":""80027"",""state"":""CO"",""street"":""361 Centennial Parkway""}",(555) 262-7287,,(555) 562-5647,(555) 272-2293,,,,norine.coppernoll@example.com,,,,Partner Referral,1942-04-27,,0050U000002fKJPQA2,2020-03-12T23:06:09.000+0000,0050U000002fKJPQA2,2020-03-12T23:06:09.000+0000,0050U000002fKJPQA2,2020-03-12T23:06:09.000+0000,,,,2020-03-12T23:06:09.000+0000,2020-03-12T23:06:09.000+0000,,,,/services/images/photo/0030U00000oJwBBQA0,,,Pending,,
0030U00000oJwBCQA0,,,0010U00000zqsIxQAI,Stepanek,Pat,,Pat Stepanek,22655 Fairfield Rd,St Augusta,MN,56301,USA,,,,"{""city"":""St Augusta"",""country"":""USA"",""geocodeAccuracy"":null,""latitude"":null,""longitude"":null,""postalCode"":""56301"",""state"":""MN"",""street"":""22655 Fairfield Rd""}",22655 Fairfield Rd,St Augusta,MN,56301,USA,,,,"{""city"":""St Augusta"",""country"":""USA"",""geocodeAccuracy"":null,""latitude"":null,""longitude"":null,""postalCode"":""56301"",""state"":""MN"",""street"":""22655 Fairfield Rd""}",(555) 518-9612,,(555) 205-8236,(555) 631-4066,,,,pat.stepanek@example.com,,,,Phone Inquiry,1949-11-26,,0050U000002fKJPQA2,2020-03-12T23:06:09.000+0000,0050U000002fKJPQA2,2020-03-12T23:06:09.000+0000,0050U000002fKJPQA2,2020-03-12T23:06:09.000+0000,,,,2020-03-12T23:06:09.000+0000,2020-03-12T23:06:09.000+0000,,,,/services/images/photo/0030U00000oJwBCQA0,,,Pending,,
0030U00000oJwBDQA0,,,0010U00000zqsIyQAI,Ingegneri,Lakendra,,Lakendra Ingegneri,2035 NE Cornelius Pass Road,Hillsboro,OR,97124,USA,,,,"{""city"":""Hillsboro"",""country"":""USA"",""geocodeAccuracy"":null,""latitude"":null,""longitude"":null,""postalCode"":""97124"",""state"":""OR"",""street"":""2035 NE Cornelius Pass Road""}",2035 NE Cornelius Pass Road,Hillsboro,OR,97124,USA,,,,"{""city"":""Hillsboro"",""country"":""USA"",""geocodeAccuracy"":null,""latitude"":null,""longitude"":null,""postalCode"":""97124"",""state"":""OR"",""street"":""2035 NE Cornelius Pass Road""}",(555) 255-8441,,(555) 606-3601,(555) 690-8307,,,,lakendra.ingegneri@example.com,,,,Partner Referral,1994-04-01,,0050U000002fKJPQA2,2020-03-12T23:06:09.000+0000,0050U000002fKJPQA2,2020-03-12T23:06:09.000+0000,0050U000002fKJPQA2,2020-03-12T23:06:09.000+0000,,,,2020-03-12T23:06:09.000+0000,2020-03-12T23:06:09.000+0000,,,,/services/images/photo/0030U00000oJwBDQA0,,,Pending,,
0030U00000oJwBEQA0,,,0010U00000zqsIzQAI,Blume,Natividad,,Natividad Blume,4766 E Whitmore Ave,Ceres,CA,95307,USA,,,,"{""city"":""Ceres"",""country"":""USA"",""geocodeAccuracy"":null,""latitude"":null,""longitude"":null,""postalCode"":""95307"",""state"":""CA"",""street"":""4766 E Whitmore Ave""}",4766 E Whitmore Ave,Ceres,CA,95307,USA,,,,"{""city"":""Ceres"",""country"":""USA"",""geocodeAccuracy"":null,""latitude"":null,""longitude"":null,""postalCode"":""95307"",""state"":""CA"",""street"":""4766 E Whitmore Ave""}",(555) 985-7814,,(555) 526-6148,(555) 251-6575,,,,natividad.blume@example.com,,,,Other,1976-05-26,,0050U000002fKJPQA2,2020-03-12T23:06:09.000+0000,0050U000002fKJPQA2,2020-03-12T23:06:09.000+0000,0050U000002fKJPQA2,2020-03-12T23:06:09.000+0000,,,,2020-03-12T23:06:09.000+0000,2020-03-12T23:06:09.000+0000,,,,/services/images/photo/0030U00000oJwBEQA0,,,Pending,,
0030U00000oJwBFQA0,,,0010U00000zqsJ0QAI,Sladky,Carina,,Carina Sladky,4301 West Boy Scout Blvd,Tampa,FL,33607,USA,,,,"{""city"":""Tampa"",""country"":""USA"",""geocodeAccuracy"":null,""latitude"":null,""longitude"":null,""postalCode"":""33607"",""state"":""FL"",""street"":""4301 West Boy Scout Blvd""}",4301 West Boy Scout Blvd,Tampa,FL,33607,USA,,,,"{""city"":""Tampa"",""country"":""USA"",""geocodeAccuracy"":null,""latitude"":null,""longitude"":null,""postalCode"":""33607"",""state"":""FL"",""street"":""4301 West Boy Scout Blvd""}",(555) 224-9205,,(555) 406-6783,(555) 260-7384,,,,carina.sladky@example.com,,,,Phone Inquiry,1976-07-16,,0050U000002fKJPQA2,2020-03-12T23:06:09.000+0000,0050U000002fKJPQA2,2020-03-12T23:06:09.000+0000,0050U000002fKJPQA2,2020-03-12T23:06:09.000+0000,,,,2020-03-12T23:06:09.000+0000,2020-03-12T23:06:09.000+0000,,,,/services/images/photo/0030U00000oJwBFQA0,,,Pending,,
0030U00000oJwBGQA0,,,0010U00000zqsJ1QAI,Xaimoungkhoun,Kenisha,,Kenisha Xaimoungkhoun,112 N El Rancho Rd,Santa Fe,NM,87501,USA,,,,"{""city"":""Santa Fe"",""country"":""USA"",""geocodeAccuracy"":null,""latitude"":null,""longitude"":null,""postalCode"":""87501"",""state"":""NM"",""street"":""112 N El Rancho Rd""}",112 N El Rancho Rd,Santa Fe,NM,87501,USA,,,,"{""city"":""Santa Fe"",""country"":""USA"",""geocodeAccuracy"":null,""latitude"":null,""longitude"":null,""postalCode"":""87501"",""state"":""NM"",""street"":""112 N El Rancho Rd""}",(555) 750-9383,,(555) 385-9740,(555) 407-7331,,,,kenisha.xaimoungkhoun@example.com,,,,Phone Inquiry,2004-10-06,,0050U000002fKJPQA2,2020-03-12T23:06:09.000+0000,0050U000002fKJPQA2,2020-03-12T23:06:09.000+0000,0050U000002fKJPQA2,2020-03-12T23:06:09.000+0000,,,,2020-03-12T23:06:09.000+0000,2020-03-12T23:06:09.000+0000,,,,/services/images/photo/0030U00000oJwBGQA0,,,Pending,,
0030U00000oJwBHQA0,,,0010U00000zqsJ2QAI,Hafele,Usha,,Usha Hafele,542 Candido Hills,Miles City,MT,59301,USA,,,,"{""city"":""Miles City"",""country"":""USA"",""geocodeAccuracy"":null,""latitude"":null,""longitude"":null,""postalCode"":""59301"",""state"":""MT"",""street"":""542 Candido Hills""}",542 Candido Hills,Miles City,MT,59301,USA,,,,"{""city"":""Miles City"",""country"":""USA"",""geocodeAccuracy"":null,""latitude"":null,""longitude"":null,""postalCode"":""59301"",""state"":""MT"",""street"":""542 Candido Hills""}",(555) 152-1484,,(555) 158-7534,(555) 690-6817,,,,usha.hafele@example.com,,,,Other,1992-03-02,,0050U000002fKJPQA2,2020-03-12T23:06:09.000+0000,0050U000002fKJPQA2,2020-03-12T23:06:09.000+0000,0050U000002fKJPQA2,2020-03-12T23:06:09.000+0000,,,,2020-03-12T23:06:09.000+0000,2020-03-12T23:06:09.000+0000,,,,/services/images/photo/0030U00000oJwBHQA0,,,Pending,,
0030U00000oJwBIQA0,,,0010U00000zqsJ3QAI,Noah,Bobette,,Bobette Noah,22655 Fairfield Rd,St Augusta,MN,56301,USA,,,,"{""city"":""St Augusta"",""country"":""USA"",""geocodeAccuracy"":null,""latitude"":null,""longitude"":null,""postalCode"":""56301"",""state"":""MN"",""street"":""22655 Fairfield Rd""}",22655 Fairfield Rd,St Augusta,MN,56301,USA,,,,"{""city"":""St Augusta"",""country"":""USA"",""geocodeAccuracy"":null,""latitude"":null,""longitude"":null,""postalCode"":""56301"",""state"":""MN"",""street"":""22655 Fairfield Rd""}",(555) 772-4652,,(555) 661-7415,(555) 716-6110,,,,bobette.noah@example.com,,,,Phone Inquiry,1996-12-10,,0050U000002fKJPQA2,2020-03-12T23:06:09.000+0000,0050U000002fKJPQA2,2020-03-12T23:06:09.000+0000,0050U000002fKJPQA2,2020-03-12T23:06:09.000+0000,,,,2020-03-12T23:06:09.000+0000,2020-03-12T23:06:09.000+0000,,,,/services/images/photo/0030U00000oJwBIQA0,,,Pending,,
0030U00000oJwBJQA0,,,0010U00000zqsJ4QAI,Fridlington,Saran,,Saran Fridlington,206 De Korra Ln,Wisconsin Dells,WI,53965,USA,,,,"{""city"":""Wisconsin Dells"",""country"":""USA"",""geocodeAccuracy"":null,""latitude"":null,""longitude"":null,""postalCode"":""53965"",""state"":""WI"",""street"":""206 De Korra Ln""}",206 De Korra Ln,Wisconsin Dells,WI,53965,USA,,,,"{""city"":""Wisconsin Dells"",""country"":""USA"",""geocodeAccuracy"":null,""latitude"":null,""longitude"":null,""postalCode"":""53965"",""state"":""WI"",""street"":""206 De Korra Ln""}",(555) 837-2899,,(555) 855-6870,(555) 996-6411,,,,saran.fridlington@example.com,,,,Partner Referral,1944-04-21,,0050U000002fKJPQA2,2020-03-12T23:06:09.000+0000,0050U000002fKJPQA2,2020-03-12T23:06:09.000+0000,0050U000002fKJPQA2,2020-03-12T23:06:09.000+0000,,,,2020-03-12T23:06:09.000+0000,2020-03-12T23:06:09.000+0000,,,,/services/images/photo/0030U00000oJwBJQA0,,,Pending,,
0030U00000oJwBKQA0,,,0010U00000zqsJ5QAI,Woehrle,Dorthea,,Dorthea Woehrle,8629 238th Road,Nortonville,KS,66060,USA,,,,"{""city"":""Nortonville"",""country"":""USA"",""geocodeAccuracy"":null,""latitude"":null,""longitude"":null,""postalCode"":""66060"",""state"":""KS"",""street"":""8629 238th Road""}",8629 238th Road,Nortonville,KS,66060,USA,,,,"{""city"":""Nortonville"",""country"":""USA"",""geocodeAccuracy"":null,""latitude"":null,""longitude"":null,""postalCode"":""66060"",""state"":""KS"",""street"":""8629 238th Road""}",(555) 326-5083,,(555) 861-8204,(555) 764-8985,,,,dorthea.woehrle@example.com,,,,Partner Referral,1967-02-05,,0050U000002fKJPQA2,2020-03-12T23:06:09.000+0000,0050U000002fKJPQA2,2020-03-12T23:06:09.000+0000,0050U000002fKJPQA2,2020-03-12T23:06:09.000+0000,,,,2020-03-12T23:06:09.000+0000,2020-03-12T23:06:09.000+0000,,,,/services/images/photo/0030U00000oJwBKQA0,,,Pending,,
0030U00000oJwBLQA0,,,0010U00000zqsJ6QAI,Homma,Lorrie,,Lorrie Homma,929 108th Ave NE,Bellevue,WA,98004,USA,,,,"{""city"":""Bellevue"",""country"":""USA"",""geocodeAccuracy"":null,""latitude"":null,""longitude"":null,""postalCode"":""98004"",""state"":""WA"",""street"":""929 108th Ave NE""}",929 108th Ave NE,Bellevue,WA,98004,USA,,,,"{""city"":""Bellevue"",""country"":""USA"",""geocodeAccuracy"":null,""latitude"":null,""longitude"":null,""postalCode"":""98004"",""state"":""WA"",""street"":""929 108th Ave NE""}",(555) 737-3748,,(555) 299-6928,(555) 939-1963,,,,lorrie.homma@example.com,,,,Partner Referral,1957-09-28,,0050U000002fKJPQA2,2020-03-12T23:06:09.000+0000,0050U000002fKJPQA2,2020-03-12T23:06:09.000+0000,0050U000002fKJPQA2,2020-03-12T23:06:09.000+0000,,,,2020-03-12T23:06:09.000+0000,2020-03-12T23:06:09.000+0000,,,,/services/images/photo/0030U00000oJwBLQA0,,,Pending,,
0030U00000oJwBMQA0,,,0010U00000zqsJ7QAI,Dash,Garth,,Garth Dash,22750 N May Ave,Edmond,OK,73025,USA,,,,"{""city"":""Edmond"",""country"":""USA"",""geocodeAccuracy"":null,""latitude"":null,""longitude"":null,""postalCode"":""73025"",""state"":""OK"",""street"":""22750 N May Ave""}",22750 N May Ave,Edmond,OK,73025,USA,,,,"{""city"":""Edmond"",""country"":""USA"",""geocodeAccuracy"":null,""latitude"":null,""longitude"":null,""postalCode"":""73025"",""state"":""OK"",""street"":""22750 N May Ave""}",(555) 554-6632,,(555) 529-3605,(555) 349-6879,,,,garth.dash@example.com,,,,Partner Referral,1977-02-13,,0050U000002fKJPQA2,2020-03-12T23:06:09.000+0000,0050U000002fKJPQA2,2020-03-12T23:06:09.000+0000,0050U000002fKJPQA2,2020-03-12T23:06:09.000+0000,,,,2020-03-12T23:06:09.000+0000,2020-03-12T23:06:09.000+0000,,,,/services/images/photo/0030U00000oJwBMQA0,,,Pending,,
0030U00000oJwBNQA0,,,0010U00000zqsJ8QAI,Berthiaume,Hedwig,,Hedwig Berthiaume,22750 N May Ave,Edmond,OK,73025,USA,,,,"{""city"":""Edmond"",""country"":""USA"",""geocodeAccuracy"":null,""latitude"":null,""longitude"":null,""postalCode"":""73025"",""state"":""OK"",""street"":""22750 N May Ave""}",22750 N May Ave,Edmond,OK,73025,USA,,,,"{""city"":""Edmond"",""country"":""USA"",""geocodeAccuracy"":null,""latitude"":null,""longitude"":null,""postalCode"":""73025"",""state"":""OK"",""street"":""22750 N May Ave""}",(555) 146-7829,,(555) 292-4458,(555) 432-8474,,,,hedwig.berthiaume@example.com,,,,Partner Referral,1996-07-15,,0050U000002fKJPQA2,2020-03-12T23:06:09.000+0000,0050U000002fKJPQA2,2020-03-12T23:06:09.000+0000,0050U000002fKJPQA2,2020-03-12T23:06:09.000+0000,,,,2020-03-12T23:06:09.000+0000,2020-03-12T23:06:09.000+0000,,,,/services/images/photo/0030U00000oJwBNQA0,,,Pending,,
0030U00000oJwBOQA0,,,0010U00000zqsJ9QAI,Debolt,Marlena,,Marlena Debolt,6010 London Dr,Sunset Valley,TX,78745,USA,,,,"{""city"":""Sunset Valley"",""country"":""USA"",""geocodeAccuracy"":null,""latitude"":null,""longitude"":null,""postalCode"":""78745"",""state"":""TX"",""street"":""6010 London Dr""}",6010 London Dr,Sunset Valley,TX,78745,USA,,,,"{""city"":""Sunset Valley"",""country"":""USA"",""geocodeAccuracy"":null,""latitude"":null,""longitude"":null,""postalCode"":""78745"",""state"":""TX"",""street"":""6010 London Dr""}",(555) 805-4813,,(555) 709-7396,(555) 695-8979,,,,marlena.debolt@example.com,,,,Phone Inquiry,1979-03-07,,0050U000002fKJPQA2,2020-03-12T23:06:09.000+0000,0050U000002fKJPQA2,2020-03-12T23:06:09.000+0000,0050U000002fKJPQA2,2020-03-12T23:06:09.000+0000,,,,2020-03-12T23:06:09.000+0000,2020-03-12T23:06:09.000+0000,,,,/services/images/photo/0030U00000oJwBOQA0,,,Pending,,
0030U00000oJwBPQA0,,,0010U00000zqsJAQAY,Wiedeman,Katherin,,Katherin Wiedeman,551 Oakdale Rd,Jamestown,NC,27282,USA,,,,"{""city"":""Jamestown"",""country"":""USA"",""geocodeAccuracy"":null,""latitude"":null,""longitude"":null,""postalCode"":""27282"",""state"":""NC"",""street"":""551 Oakdale Rd""}",551 Oakdale Rd,Jamestown,NC,27282,USA,,,,"{""city"":""Jamestown"",""country"":""USA"",""geocodeAccuracy"":null,""latitude"":null,""longitude"":null,""postalCode"":""27282"",""state"":""NC"",""street"":""551 Oakdale Rd""}",(555) 322-8949,,(555) 971-3596,(555) 381-1309,,,,katherin.wiedeman@example.com,,,,Partner Referral,1961-11-02,,0050U000002fKJPQA2,2020-03-12T23:06:09.000+0000,0050U000002fKJPQA2,2020-03-12T23:06:09.000+0000,0050U000002fKJPQA2,2020-03-12T23:06:09.000+0000,,,,2020-03-12T23:06:09.000+0000,2020-03-12T23:06:09.000+0000,,,,/services/images/photo/0030U00000oJwBPQA0,,,Pending,,
0030U00000oJwBQQA0,,,0010U00000zqsJBQAY,Alwang,Dawn,,Dawn Alwang,7926 Droege Road,Decatur,IN,46733,USA,,,,"{""city"":""Decatur"",""country"":""USA"",""geocodeAccuracy"":null,""latitude"":null,""longitude"":null,""postalCode"":""46733"",""state"":""IN"",""street"":""7926 Droege Road""}",7926 Droege Road,Decatur,IN,46733,USA,,,,"{""city"":""Decatur"",""country"":""USA"",""geocodeAccuracy"":null,""latitude"":null,""longitude"":null,""postalCode"":""46733"",""state"":""IN"",""street"":""7926 Droege Road""}",(555) 165-4850,,(555) 349-4731,(555) 231-4408,,,,dawn.alwang@example.com,,,,Other,1956-05-04,,0050U000002fKJPQA2,2020-03-12T23:06:15.000+0000,0050U000002fKJPQA2,2020-03-12T23:06:15.000+0000,0050U000002fKJPQA2,2020-03-12T23:06:15.000+0000,,,,2020-03-12T23:06:15.000+0000,2020-03-12T23:06:15.000+0000,,,,/services/images/photo/0030U00000oJwBQQA0,,,Pending,,
0030U00000oJwBRQA0,,,0010U00000zqsJCQAY,Aldava,Deirdre,,Deirdre Aldava,84 Ocean Drive,Forest Home,AL,36030,USA,,,,"{""city"":""Forest Home"",""country"":""USA"",""geocodeAccuracy"":null,""latitude"":null,""longitude"":null,""postalCode"":""36030"",""state"":""AL"",""street"":""84 Ocean Drive""}",84 Ocean Drive,Forest Home,AL,36030,USA,,,,"{""city"":""Forest Home"",""country"":""USA"",""geocodeAccuracy"":null,""latitude"":null,""longitude"":null,""postalCode"":""36030"",""state"":""AL"",""street"":""84 Ocean Drive""}",(555) 977-6071,,(555) 767-8040,(555) 293-2566,,,,deirdre.aldava@example.com,,,,Partner Referral,1997-06-23,,0050U000002fKJPQA2,2020-03-12T23:06:15.000+0000,0050U000002fKJPQA2,2020-03-12T23:06:15.000+0000,0050U000002fKJPQA2,2020-03-12T23:06:15.000+0000,,,,2020-03-12T23:06:15.000+0000,2020-03-12T23:06:15.000+0000,,,,/services/images/photo/0030U00000oJwBRQA0,,,Pending,,
0030U00000oJwBSQA0,,,0010U00000zqsJDQAY,Piccinini,Clara,,Clara Piccinini,111 West Illinois Street,Chicago,IL,60654,USA,,,,"{""city"":""Chicago"",""country"":""USA"",""geocodeAccuracy"":null,""latitude"":null,""longitude"":null,""postalCode"":""60654"",""state"":""IL"",""street"":""111 West Illinois Street""}",111 West Illinois Street,Chicago,IL,60654,USA,,,,"{""city"":""Chicago"",""country"":""USA"",""geocodeAccuracy"":null,""latitude"":null,""longitude"":null,""postalCode"":""60654"",""state"":""IL"",""street"":""111 West Illinois Street""}",(555) 272-2152,,(555) 539-5602,(555) 664-5360,,,,clara.piccinini@example.com,,,,Phone Inquiry,1982-01-09,,0050U000002fKJPQA2,2020-03-12T23:06:15.000+0000,0050U000002fKJPQA2,2020-03-12T23:06:15.000+0000,0050U000002fKJPQA2,2020-03-12T23:06:15.000+0000,,,,2020-03-12T23:06:15.000+0000,2020-03-12T23:06:15.000+0000,,,,/services/images/photo/0030U00000oJwBSQA0,,,Pending,,
0030U00000oJwBTQA0,,,0010U00000zqsJEQAY,Tousignant,Vincenzo,,Vincenzo Tousignant,361 Centennial Parkway,Louisville,CO,80027,USA,,,,"{""city"":""Louisville"",""country"":""USA"",""geocodeAccuracy"":null,""latitude"":null,""longitude"":null,""postalCode"":""80027"",""state"":""CO"",""street"":""361 Centennial Parkway""}",361 Centennial Parkway,Louisville,CO,80027,USA,,,,"{""city"":""Louisville"",""country"":""USA"",""geocodeAccuracy"":null,""latitude"":null,""longitude"":null,""postalCode"":""80027"",""state"":""CO"",""street"":""361 Centennial Parkway""}",(555) 450-5095,,(555) 441-6362,(555) 198-9830,,,,vincenzo.tousignant@example.com,,,,Other,1956-03-18,,0050U000002fKJPQA2,2020-03-12T23:06:15.000+0000,0050U000002fKJPQA2,2020-03-12T23:06:15.000+0000,0050U000002fKJPQA2,2020-03-12T23:06:15.000+0000,,,,2020-03-12T23:06:15.000+0000,2020-03-12T23:06:15.000+0000,,,,/services/images/photo/0030U00000oJwBTQA0,,,Pending,,
0030U00000oJwBUQA0,,,0010U00000zqsJFQAY,Brimfield,Bernadine,,Bernadine Brimfield,929 108th Ave NE,Bellevue,WA,98004,USA,,,,"{""city"":""Bellevue"",""country"":""USA"",""geocodeAccuracy"":null,""latitude"":null,""longitude"":null,""postalCode"":""98004"",""state"":""WA"",""street"":""929 108th Ave NE""}",929 108th Ave NE,Bellevue,WA,98004,USA,,,,"{""city"":""Bellevue"",""country"":""USA"",""geocodeAccuracy"":null,""latitude"":null,""longitude"":null,""postalCode"":""98004"",""state"":""WA"",""street"":""929 108th Ave NE""}",(555) 909-8371,,(555) 546-9886,(555) 354-9097,,,,bernadine.brimfield@example.com,,,,Phone Inquiry,1987-09-30,,0050U000002fKJPQA2,2020-03-12T23:06:15.000+0000,0050U000002fKJPQA2,2020-03-12T23:06:15.000+0000,0050U000002fKJPQA2,2020-03-12T23:06:15.000+0000,,,,2020-03-12T23:06:15.000+0000,2020-03-12T23:06:15.000+0000,,,,/services/images/photo/0030U00000oJwBUQA0,,,Pending,,
0030U00000oJwBVQA0,,,0010U00000zqsJGQAY,Valera,Ruben,,Ruben Valera,2084 Waelchi Road,Denton,MT,59430,USA,,,,"{""city"":""Denton"",""country"":""USA"",""geocodeAccuracy"":null,""latitude"":null,""longitude"":null,""postalCode"":""59430"",""state"":""MT"",""street"":""2084 Waelchi Road""}",2084 Waelchi Road,Denton,MT,59430,USA,,,,"{""city"":""Denton"",""country"":""USA"",""geocodeAccuracy"":null,""latitude"":null,""longitude"":null,""postalCode"":""59430"",""state"":""MT"",""street"":""2084 Waelchi Road""}",(555) 413-8589,,(555) 941-1230,(555) 250-3957,,,,ruben.valera@example.com,,,,Web,1982-11-10,,0050U000002fKJPQA2,2020-03-12T23:06:15.000+0000,0050U000002fKJPQA2,2020-03-12T23:06:15.000+0000,0050U000002fKJPQA2,2020-03-12T23:06:15.000+0000,,,,2020-03-12T23:06:15.000+0000,2020-03-12T23:06:15.000+0000,,,,/services/images/photo/0030U00000oJwBVQA0,,,Pending,,
0030U00000oJwBWQA0,,,0010U00000zqsJHQAY,Sweezy,Shante,,Shante Sweezy,2084 Waelchi Road,Denton,MT,59430,USA,,,,"{""city"":""Denton"",""country"":""USA"",""geocodeAccuracy"":null,""latitude"":null,""longitude"":null,""postalCode"":""59430"",""state"":""MT"",""street"":""2084 Waelchi Road""}",2084 Waelchi Road,Denton,MT,59430,USA,,,,"{""city"":""Denton"",""country"":""USA"",""geocodeAccuracy"":null,""latitude"":null,""longitude"":null,""postalCode"":""59430"",""state"":""MT"",""street"":""2084 Waelchi Road""}",(555) 163-6358,,(555) 388-9353,(555) 364-7092,,,,shante.sweezy@example.com,,,,Other,1955-08-13,,0050U000002fKJPQA2,2020-03-12T23:06:15.000+0000,0050U000002fKJPQA2,2020-03-12T23:06:15.000+0000,0050U000002fKJPQA2,2020-03-12T23:06:15.000+0000,,,,2020-03-12T23:06:15.000+0000,2020-03-12T23:06:15.000+0000,,,,/services/images/photo/0030U00000oJwBWQA0,,,Pending,,
0030U00000oJwBXQA0,,,0010U00000zqsJIQAY,Beckman,Fausto,,Fausto Beckman,1335 Madison St NE,Salem,OR,97301,USA,,,,"{""city"":""Salem"",""country"":""USA"",""geocodeAccuracy"":null,""latitude"":null,""longitude"":null,""postalCode"":""97301"",""state"":""OR"",""street"":""1335 Madison St NE""}",1335 Madison St NE,Salem,OR,97301,USA,,,,"{""city"":""Salem"",""country"":""USA"",""geocodeAccuracy"":null,""latitude"":null,""longitude"":null,""postalCode"":""97301"",""state"":""OR"",""street"":""1335 Madison St NE""}",(555) 244-6930,,(555) 376-9163,(555) 565-5700,,,,fausto.beckman@example.com,,,,Phone Inquiry,1940-05-24,,0050U000002fKJPQA2,2020-03-12T23:06:15.000+0000,0050U000002fKJPQA2,2020-03-12T23:06:15.000+0000,0050U000002fKJPQA2,2020-03-12T23:06:15.000+0000,,,,2020-03-12T23:06:15.000+0000,2020-03-12T23:06:15.000+0000,,,,/services/images/photo/0030U00000oJwBXQA0,,,Pending,,
0030U00000oJwBYQA0,,,0010U00000zqsJJQAY,Reuschel,Von,,Von Reuschel,929 108th Ave NE,Bellevue,WA,98004,USA,,,,"{""city"":""Bellevue"",""country"":""USA"",""geocodeAccuracy"":null,""latitude"":null,""longitude"":null,""postalCode"":""98004"",""state"":""WA"",""street"":""929 108th Ave NE""}",929 108th Ave NE,Bellevue,WA,98004,USA,,,,"{""city"":""Bellevue"",""country"":""USA"",""geocodeAccuracy"":null,""latitude"":null,""longitude"":null,""postalCode"":""98004"",""state"":""WA"",""street"":""929 108th Ave NE""}",(555) 312-3421,,(555) 476-5892,(555) 262-7732,,,,von.reuschel@example.com,,,,Phone Inquiry,1994-08-27,,0050U000002fKJPQA2,2020-03-12T23:06:15.000+0000,0050U000002fKJPQA2,2020-03-12T23:06:15.000+0000,0050U000002fKJPQA2,2020-03-12T23:06:15.000+0000,,,,2020-03-12T23:06:15.000+0000,2020-03-12T23:06:15.000+0000,,,,/services/images/photo/0030U00000oJwBYQA0,,,Pending,,
0030U00000oJwBZQA0,,,0010U00000zqsJKQAY,Bomba,Mittie,,Mittie Bomba,3604 84th St E,Tacoma,WA,98446,USA,,,,"{""city"":""Tacoma"",""country"":""USA"",""geocodeAccuracy"":null,""latitude"":null,""longitude"":null,""postalCode"":""98446"",""state"":""WA"",""street"":""3604 84th St E""}",3604 84th St E,Tacoma,WA,98446,USA,,,,"{""city"":""Tacoma"",""country"":""USA"",""geocodeAccuracy"":null,""latitude"":null,""longitude"":null,""postalCode"":""98446"",""state"":""WA"",""street"":""3604 84th St E""}",(555) 376-8630,,(555) 370-1437,(555) 309-5109,,,,mittie.bomba@example.com,,,,Phone Inquiry,1983-03-15,,0050U000002fKJPQA2,2020-03-12T23:06:15.000+0000,0050U000002fKJPQA2,2020-03-12T23:06:15.000+0000,0050U000002fKJPQA2,2020-03-12T23:06:15.000+0000,,,,2020-03-12T23:06:15.000+0000,2020-03-12T23:06:15.000+0000,,,,/services/images/photo/0030U00000oJwBZQA0,,,Pending,,
0030U00000oJwBaQAK,,,0010U00000zqsJLQAY,Koppes,Athena,,Athena Koppes,400 Grant Ave,Duquesne,PA,15110,USA,,,,"{""city"":""Duquesne"",""country"":""USA"",""geocodeAccuracy"":null,""latitude"":null,""longitude"":null,""postalCode"":""15110"",""state"":""PA"",""street"":""400 Grant Ave""}",400 Grant Ave,Duquesne,PA,15110,USA,,,,"{""city"":""Duquesne"",""country"":""USA"",""geocodeAccuracy"":null,""latitude"":null,""longitude"":null,""postalCode"":""15110"",""state"":""PA"",""street"":""400 Grant Ave""}",(555) 402-4659,,(555) 999-7516,(555) 129-4612,,,,athena.koppes@example.com,,,,Partner Referral,2003-11-17,,0050U000002fKJPQA2,2020-03-12T23:06:15.000+0000,0050U000002fKJPQA2,2020-03-12T23:06:15.000+0000,0050U000002fKJPQA2,2020-03-12T23:06:15.000+0000,,,,2020-03-12T23:06:15.000+0000,2020-03-12T23:06:15.000+0000,,,,/services/images/photo/0030U00000oJwBaQAK,,,Pending,,
0030U00000oJwBbQAK,,,0010U00000zqsJMQAY,Sencabaugh,Catheryn,,Catheryn Sencabaugh,8629 238th Road,Nortonville,KS,66060,USA,,,,"{""city"":""Nortonville"",""country"":""USA"",""geocodeAccuracy"":null,""latitude"":null,""longitude"":null,""postalCode"":""66060"",""state"":""KS"",""street"":""8629 238th Road""}",8629 238th Road,Nortonville,KS,66060,USA,,,,"{""city"":""Nortonville"",""country"":""USA"",""geocodeAccuracy"":null,""latitude"":null,""longitude"":null,""postalCode"":""66060"",""state"":""KS"",""street"":""8629 238th Road""}",(555) 175-9245,,(555) 374-7831,(555) 574-2434,,,,catheryn.sencabaugh@example.com,,,,Phone Inquiry,1957-01-13,,0050U000002fKJPQA2,2020-03-12T23:06:15.000+0000,0050U000002fKJPQA2,2020-03-12T23:06:15.000+0000,0050U000002fKJPQA2,2020-03-12T23:06:15.000+0000,,,,2020-03-12T23:06:15.000+0000,2020-03-12T23:06:15.000+0000,,,,/services/images/photo/0030U00000oJwBbQAK,,,Pending,,
0030U00000oJwBcQAK,,,0010U00000zqsJNQAY,Fitzpatrick,Hang,,Hang Fitzpatrick,10105 Propps St NE,Albuquerque,NM,87112,USA,,,,"{""city"":""Albuquerque"",""country"":""USA"",""geocodeAccuracy"":null,""latitude"":null,""longitude"":null,""postalCode"":""87112"",""state"":""NM"",""street"":""10105 Propps St NE""}",10105 Propps St NE,Albuquerque,NM,87112,USA,,,,"{""city"":""Albuquerque"",""country"":""USA"",""geocodeAccuracy"":null,""latitude"":null,""longitude"":null,""postalCode"":""87112"",""state"":""NM"",""street"":""10105 Propps St NE""}",(555) 993-6558,,(555) 270-3234,(555) 848-2525,,,,hang.fitzpatrick@example.com,,,,Other,1997-02-03,,0050U000002fKJPQA2,2020-03-12T23:06:15.000+0000,0050U000002fKJPQA2,2020-03-12T23:06:15.000+0000,0050U000002fKJPQA2,2020-03-12T23:06:15.000+0000,,,,2020-03-12T23:06:15.000+0000,2020-03-12T23:06:15.000+0000,,,,/services/images/photo/0030U00000oJwBcQAK,,,Pending,,
0030U00000oJwBdQAK,,,0010U00000zqsJOQAY,Gohn,Stephania,,Stephania Gohn,111 West Illinois Street,Chicago,IL,60654,USA,,,,"{""city"":""Chicago"",""country"":""USA"",""geocodeAccuracy"":null,""latitude"":null,""longitude"":null,""postalCode"":""60654"",""state"":""IL"",""street"":""111 West Illinois Street""}",111 West Illinois Street,Chicago,IL,60654,USA,,,,"{""city"":""Chicago"",""country"":""USA"",""geocodeAccuracy"":null,""latitude"":null,""longitude"":null,""postalCode"":""60654"",""state"":""IL"",""street"":""111 West Illinois Street""}",(555) 494-4765,,(555) 609-9542,(555) 632-7205,,,,stephania.gohn@example.com,,,,Partner Referral,1950-01-30,,0050U000002fKJPQA2,2020-03-12T23:06:15.000+0000,0050U000002fKJPQA2,2020-03-12T23:06:15.000+0000,0050U000002fKJPQA2,2020-03-12T23:06:15.000+0000,,,,2020-03-12T23:06:15.000+0000,2020-03-12T23:06:15.000+0000,,,,/services/images/photo/0030U00000oJwBdQAK,,,Pending,,
0030U00000oJwBeQAK,,,0010U00000zqsJPQAY,Seale,Leena,,Leena Seale,900 Bulldog Run,Rolla,MO,65401,USA,,,,"{""city"":""Rolla"",""country"":""USA"",""geocodeAccuracy"":null,""latitude"":null,""longitude"":null,""postalCode"":""65401"",""state"":""MO"",""street"":""900 Bulldog Run""}",900 Bulldog Run,Rolla,MO,65401,USA,,,,"{""city"":""Rolla"",""country"":""USA"",""geocodeAccuracy"":null,""latitude"":null,""longitude"":null,""postalCode"":""65401"",""state"":""MO"",""street"":""900 Bulldog Run""}",(555) 278-6464,,(555) 679-3854,(555) 378-3091,,,,leena.seale@example.com,,,,Partner Referral,1992-07-27,,0050U000002fKJPQA2,2020-03-12T23:06:15.000+0000,0050U000002fKJPQA2,2020-03-12T23:06:15.000+0000,0050U000002fKJPQA2,2020-03-12T23:06:15.000+0000,,,,2020-03-12T23:06:15.000+0000,2020-03-12T23:06:15.000+0000,,,,/services/images/photo/0030U00000oJwBeQAK,,,Pending,,
0030U00000oJwBfQAK,,,0010U00000zqsJQQAY,Khansari,Darell,,Darell Khansari,112 N El Rancho Rd,Santa Fe,NM,87501,USA,,,,"{""city"":""Santa Fe"",""country"":""USA"",""geocodeAccuracy"":null,""latitude"":null,""longitude"":null,""postalCode"":""87501"",""state"":""NM"",""street"":""112 N El Rancho Rd""}",112 N El Rancho Rd,Santa Fe,NM,87501,USA,,,,"{""city"":""Santa Fe"",""country"":""USA"",""geocodeAccuracy"":null,""latitude"":null,""longitude"":null,""postalCode"":""87501"",""state"":""NM"",""street"":""112 N El Rancho Rd""}",(555) 991-6014,,(555) 648-7349,(555) 166-2805,,,,darell.khansari@example.com,,,,Phone Inquiry,1940-06-02,,0050U000002fKJPQA2,2020-03-12T23:06:15.000+0000,0050U000002fKJPQA2,2020-03-12T23:06:15.000+0000,0050U000002fKJPQA2,2020-03-12T23:06:15.000+0000,,,,2020-03-12T23:06:15.000+0000,2020-03-12T23:06:15.000+0000,,,,/services/images/photo/0030U00000oJwBfQAK,,,Pending,,
0030U00000oJwBgQAK,,,0010U00000zqsJRQAY,Koles,Season,,Season Koles,111 West Illinois Street,Chicago,IL,60654,USA,,,,"{""city"":""Chicago"",""country"":""USA"",""geocodeAccuracy"":null,""latitude"":null,""longitude"":null,""postalCode"":""60654"",""state"":""IL"",""street"":""111 West Illinois Street""}",111 West Illinois Street,Chicago,IL,60654,USA,,,,"{""city"":""Chicago"",""country"":""USA"",""geocodeAccuracy"":null,""latitude"":null,""longitude"":null,""postalCode"":""60654"",""state"":""IL"",""street"":""111 West Illinois Street""}",(555) 530-5066,,(555) 321-2086,(555) 896-6553,,,,season.koles@example.com,,,,Other,1941-01-27,,0050U000002fKJPQA2,2020-03-12T23:06:15.000+0000,0050U000002fKJPQA2,2020-03-12T23:06:15.000+0000,0050U000002fKJPQA2,2020-03-12T23:06:15.000+0000,,,,2020-03-12T23:06:15.000+0000,2020-03-12T23:06:15.000+0000,,,,/services/images/photo/0030U00000oJwBgQAK,,,Pending,,
0030U00000oJwBhQAK,,,0010U00000zqsJSQAY,Italiano,Lamar,,Lamar Italiano,1335 Madison St NE,Salem,OR,97301,USA,,,,"{""city"":""Salem"",""country"":""USA"",""geocodeAccuracy"":null,""latitude"":null,""longitude"":null,""postalCode"":""97301"",""state"":""OR"",""street"":""1335 Madison St NE""}",1335 Madison St NE,Salem,OR,97301,USA,,,,"{""city"":""Salem"",""country"":""USA"",""geocodeAccuracy"":null,""latitude"":null,""longitude"":null,""postalCode"":""97301"",""state"":""OR"",""street"":""1335 Madison St NE""}",(555) 686-9792,,(555) 712-3922,(555) 959-4833,,,,lamar.italiano@example.com,,,,Phone Inquiry,1943-03-16,,0050U000002fKJPQA2,2020-03-12T23:06:15.000+0000,0050U000002fKJPQA2,2020-03-12T23:06:15.000+0000,0050U000002fKJPQA2,2020-03-12T23:06:15.000+0000,,,,2020-03-12T23:06:15.000+0000,2020-03-12T23:06:15.000+0000,,,,/services/images/photo/0030U00000oJwBhQAK,,,Pending,,
0030U00000oJwBiQAK,,,0010U00000zqsJTQAY,Deley,Giselle,,Giselle Deley,112 N El Rancho Rd,Santa Fe,NM,87501,USA,,,,"{""city"":""Santa Fe"",""country"":""USA"",""geocodeAccuracy"":null,""latitude"":null,""longitude"":null,""postalCode"":""87501"",""state"":""NM"",""street"":""112 N El Rancho Rd""}",112 N El Rancho Rd,Santa Fe,NM,87501,USA,,,,"{""city"":""Santa Fe"",""country"":""USA"",""geocodeAccuracy"":null,""latitude"":null,""longitude"":null,""postalCode"":""87501"",""state"":""NM"",""street"":""112 N El Rancho Rd""}",(555) 422-9295,,(555) 160-1608,(555) 783-1456,,,,giselle.deley@example.com,,,,Other,1946-05-14,,0050U000002fKJPQA2,2020-03-12T23:06:15.000+0000,0050U000002fKJPQA2,2020-03-12T23:06:15.000+0000,0050U000002fKJPQA2,2020-03-12T23:06:15.000+0000,,,,2020-03-12T23:06:15.000+0000,2020-03-12T23:06:15.000+0000,,,,/services/images/photo/0030U00000oJwBiQAK,,,Pending,,
0030U00000oJwBjQAK,,,0010U00000zqsJUQAY,Elks,Lanora,,Lanora Elks,112 N El Rancho Rd,Santa Fe,NM,87501,USA,,,,"{""city"":""Santa Fe"",""country"":""USA"",""geocodeAccuracy"":null,""latitude"":null,""longitude"":null,""postalCode"":""87501"",""state"":""NM"",""street"":""112 N El Rancho Rd""}",112 N El Rancho Rd,Santa Fe,NM,87501,USA,,,,"{""city"":""Santa Fe"",""country"":""USA"",""geocodeAccuracy"":null,""latitude"":null,""longitude"":null,""postalCode"":""87501"",""state"":""NM"",""street"":""112 N El Rancho Rd""}",(555) 728-7726,,(555) 680-1605,(555) 304-4773,,,,lanora.elks@example.com,,,,Web,1965-11-06,,0050U000002fKJPQA2,2020-03-12T23:06:15.000+0000,0050U000002fKJPQA2,2020-03-12T23:06:15.000+0000,0050U000002fKJPQA2,2020-03-12T23:06:15.000+0000,,,,2020-03-12T23:06:15.000+0000,2020-03-12T23:06:15.000+0000,,,,/services/images/photo/0030U00000oJwBjQAK,,,Pending,,
0030U00000oJwBkQAK,,,0010U00000zqsJVQAY,Karlgaard,Garfield,,Garfield Karlgaard,400 Grant Ave,Duquesne,PA,15110,USA,,,,"{""city"":""Duquesne"",""country"":""USA"",""geocodeAccuracy"":null,""latitude"":null,""longitude"":null,""postalCode"":""15110"",""state"":""PA"",""street"":""400 Grant Ave""}",400 Grant Ave,Duquesne,PA,15110,USA,,,,"{""city"":""Duquesne"",""country"":""USA"",""geocodeAccuracy"":null,""latitude"":null,""longitude"":null,""postalCode"":""15110"",""state"":""PA"",""street"":""400 Grant Ave""}",(555) 661-8670,,(555) 805-6816,(555) 652-3585,,,,garfield.karlgaard@example.com,,,,Partner Referral,1969-08-31,,0050U000002fKJPQA2,2020-03-12T23:06:15.000+0000,0050U000002fKJPQA2,2020-03-12T23:06:15.000+0000,0050U000002fKJPQA2,2020-03-12T23:06:15.000+0000,,,,2020-03-12T23:06:15.000+0000,2020-03-12T23:06:15.000+0000,,,,/services/images/photo/0030U00000oJwBkQAK,,,Pending,,
0030U00000oJwBlQAK,,,0010U00000zqsJWQAY,Garito,Rolf,,Rolf Garito,30303 SE Lusted Rd,Gresham,OR,97080,USA,,,,"{""city"":""Gresham"",""country"":""USA"",""geocodeAccuracy"":null,""latitude"":null,""longitude"":null,""postalCode"":""97080"",""state"":""OR"",""street"":""30303 SE Lusted Rd""}",30303 SE Lusted Rd,Gresham,OR,97080,USA,,,,"{""city"":""Gresham"",""country"":""USA"",""geocodeAccuracy"":null,""latitude"":null,""longitude"":null,""postalCode"":""97080"",""state"":""OR"",""street"":""30303 SE Lusted Rd""}",(555) 180-9676,,(555) 933-9936,(555) 655-4247,,,,rolf.garito@example.com,,,,Partner Referral,1990-09-17,,0050U000002fKJPQA2,2020-03-12T23:06:15.000+0000,0050U000002fKJPQA2,2020-03-12T23:06:15.000+0000,0050U000002fKJPQA2,2020-03-12T23:06:15.000+0000,,,,2020-03-12T23:06:15.000+0000,2020-03-12T23:06:15.000+0000,,,,/services/images/photo/0030U00000oJwBlQAK,,,Pending,,
0030U00000oJwBmQAK,,,0010U00000zqsJXQAY,Justen,Shalonda,,Shalonda Justen,7139 Kilback Mountains,Antonito,CO,81120,USA,,,,"{""city"":""Antonito"",""country"":""USA"",""geocodeAccuracy"":null,""latitude"":null,""longitude"":null,""postalCode"":""81120"",""state"":""CO"",""street"":""7139 Kilback Mountains""}",7139 Kilback Mountains,Antonito,CO,81120,USA,,,,"{""city"":""Antonito"",""country"":""USA"",""geocodeAccuracy"":null,""latitude"":null,""longitude"":null,""postalCode"":""81120"",""state"":""CO"",""street"":""7139 Kilback Mountains""}",(555) 480-1217,,(555) 427-4893,(555) 230-5523,,,,shalonda.justen@example.com,,,,Other,1945-08-25,,0050U000002fKJPQA2,2020-03-12T23:06:15.000+0000,0050U000002fKJPQA2,2020-03-12T23:06:15.000+0000,0050U000002fKJPQA2,2020-03-12T23:06:15.000+0000,,,,2020-03-12T23:06:15.000+0000,2020-03-12T23:06:15.000+0000,,,,/services/images/photo/0030U00000oJwBmQAK,,,Pending,,
0030U00000oJwBnQAK,,,0010U00000zqsJYQAY,Tisinger,Georgeanna,,Georgeanna Tisinger,1095 Avenue of the Americas,New York,NY,10036,USA,,,,"{""city"":""New York"",""country"":""USA"",""geocodeAccuracy"":null,""latitude"":null,""longitude"":null,""postalCode"":""10036"",""state"":""NY"",""street"":""1095 Avenue of the Americas""}",1095 Avenue of the Americas,New York,NY,10036,USA,,,,"{""city"":""New York"",""country"":""USA"",""geocodeAccuracy"":null,""latitude"":null,""longitude"":null,""postalCode"":""10036"",""state"":""NY"",""street"":""1095 Avenue of the Americas""}",(555) 876-3922,,(555) 906-1566,(555) 695-8347,,,,georgeanna.tisinger@example.com,,,,Web,1962-06-24,,0050U000002fKJPQA2,2020-03-12T23:06:15.000+0000,0050U000002fKJPQA2,2020-03-12T23:06:15.000+0000,0050U000002fKJPQA2,2020-03-12T23:06:15.000+0000,,,,2020-03-12T23:06:15.000+0000,2020-03-12T23:06:15.000+0000,,,,/services/images/photo/0030U00000oJwBnQAK,,,Pending,,
0030U00000oJwBoQAK,,,0010U00000zqsJZQAY,Vasudevan,Larae,,Larae Vasudevan,542 Candido Hills,Miles City,MT,59301,USA,,,,"{""city"":""Miles City"",""country"":""USA"",""geocodeAccuracy"":null,""latitude"":null,""longitude"":null,""postalCode"":""59301"",""state"":""MT"",""street"":""542 Candido Hills""}",542 Candido Hills,Miles City,MT,59301,USA,,,,"{""city"":""Miles City"",""country"":""USA"",""geocodeAccuracy"":null,""latitude"":null,""longitude"":null,""postalCode"":""59301"",""state"":""MT"",""street"":""542 Candido Hills""}",(555) 984-9957,,(555) 469-3987,(555) 315-6080,,,,larae.vasudevan@example.com,,,,Partner Referral,1987-07-08,,0050U000002fKJPQA2,2020-03-12T23:06:15.000+0000,0050U000002fKJPQA2,2020-03-12T23:06:15.000+0000,0050U000002fKJPQA2,2020-03-12T23:06:15.000+0000,,,,2020-03-12T23:06:15.000+0000,2020-03-12T23:06:15.000+0000,,,,/services/images/photo/0030U00000oJwBoQAK,,,Pending,,
0030U00000oJwBpQAK,,,0010U00000zqsJaQAI,Somalski,Concha,,Concha Somalski,1335 Madison St NE,Salem,OR,97301,USA,,,,"{""city"":""Salem"",""country"":""USA"",""geocodeAccuracy"":null,""latitude"":null,""longitude"":null,""postalCode"":""97301"",""state"":""OR"",""street"":""1335 Madison St NE""}",1335 Madison St NE,Salem,OR,97301,USA,,,,"{""city"":""Salem"",""country"":""USA"",""geocodeAccuracy"":null,""latitude"":null,""longitude"":null,""postalCode"":""97301"",""state"":""OR"",""street"":""1335 Madison St NE""}",(555) 318-1931,,(555) 997-1820,(555) 824-5822,,,,concha.somalski@example.com,,,,Web,1953-08-19,,0050U000002fKJPQA2,2020-03-12T23:06:15.000+0000,0050U000002fKJPQA2,2020-03-12T23:06:15.000+0000,0050U000002fKJPQA2,2020-03-12T23:06:15.000+0000,,,,2020-03-12T23:06:15.000+0000,2020-03-12T23:06:15.000+0000,,,,/services/images/photo/0030U00000oJwBpQAK,,,Pending,,
0030U00000oJwBqQAK,,,0010U00000zqsJbQAI,Visnic,Rosamond,,Rosamond Visnic,10105 Propps St NE,Albuquerque,NM,87112,USA,,,,"{""city"":""Albuquerque"",""country"":""USA"",""geocodeAccuracy"":null,""latitude"":null,""longitude"":null,""postalCode"":""87112"",""state"":""NM"",""street"":""10105 Propps St NE""}",10105 Propps St NE,Albuquerque,NM,87112,USA,,,,"{""city"":""Albuquerque"",""country"":""USA"",""geocodeAccuracy"":null,""latitude"":null,""longitude"":null,""postalCode"":""87112"",""state"":""NM"",""street"":""10105 Propps St NE""}",(555) 481-8034,,(555) 602-2173,(555) 591-5093,,,,rosamond.visnic@example.com,,,,Other,1975-11-17,,0050U000002fKJPQA2,2020-03-12T23:06:15.000+0000,0050U000002fKJPQA2,2020-03-12T23:06:15.000+0000,0050U000002fKJPQA2,2020-03-12T23:06:15.000+0000,,,,2020-03-12T23:06:15.000+0000,2020-03-12T23:06:15.000+0000,,,,/services/images/photo/0030U00000oJwBqQAK,,,Pending,,
0030U00000oJwBrQAK,,,0010U00000zqsJcQAI,Milian,Joie,,Joie Milian,361 Centennial Parkway,Louisville,CO,80027,USA,,,,"{""city"":""Louisville"",""country"":""USA"",""geocodeAccuracy"":null,""latitude"":null,""longitude"":null,""postalCode"":""80027"",""state"":""CO"",""street"":""361 Centennial Parkway""}",361 Centennial Parkway,Louisville,CO,80027,USA,,,,"{""city"":""Louisville"",""country"":""USA"",""geocodeAccuracy"":null,""latitude"":null,""longitude"":null,""postalCode"":""80027"",""state"":""CO"",""street"":""361 Centennial Parkway""}",(555) 691-2113,,(555) 617-2734,(555) 915-9074,,,,joie.milian@example.com,,,,Phone Inquiry,1966-01-05,,0050U000002fKJPQA2,2020-03-12T23:06:15.000+0000,0050U000002fKJPQA2,2020-03-12T23:06:15.000+0000,0050U000002fKJPQA2,2020-03-12T23:06:15.000+0000,,,,2020-03-12T23:06:15.000+0000,2020-03-12T23:06:15.000+0000,,,,/services/images/photo/0030U00000oJwBrQAK,,,Pending,,
0030U00000oJwBsQAK,,,0010U00000zqsJdQAI,Vukovich,Christinia,,Christinia Vukovich,22750 N May Ave,Edmond,OK,73025,USA,,,,"{""city"":""Edmond"",""country"":""USA"",""geocodeAccuracy"":null,""latitude"":null,""longitude"":null,""postalCode"":""73025"",""state"":""OK"",""street"":""22750 N May Ave""}",22750 N May Ave,Edmond,OK,73025,USA,,,,"{""city"":""Edmond"",""country"":""USA"",""geocodeAccuracy"":null,""latitude"":null,""longitude"":null,""postalCode"":""73025"",""state"":""OK"",""street"":""22750 N May Ave""}",(555) 307-2018,,(555) 556-8803,(555) 192-9260,,,,christinia.vukovich@example.com,,,,Partner Referral,1944-09-28,,0050U000002fKJPQA2,2020-03-12T23:06:15.000+0000,0050U000002fKJPQA2,2020-03-12T23:06:15.000+0000,0050U000002fKJPQA2,2020-03-12T23:06:15.000+0000,,,,2020-03-12T23:06:15.000+0000,2020-03-12T23:06:15.000+0000,,,,/services/images/photo/0030U00000oJwBsQAK,,,Pending,,
0030U00000oJwBtQAK,,,0010U00000zqsJeQAI,Stello,Jeri,,Jeri Stello,206 De Korra Ln,Wisconsin Dells,WI,53965,USA,,,,"{""city"":""Wisconsin Dells"",""country"":""USA"",""geocodeAccuracy"":null,""latitude"":null,""longitude"":null,""postalCode"":""53965"",""state"":""WI"",""street"":""206 De Korra Ln""}",206 De Korra Ln,Wisconsin Dells,WI,53965,USA,,,,"{""city"":""Wisconsin Dells"",""country"":""USA"",""geocodeAccuracy"":null,""latitude"":null,""longitude"":null,""postalCode"":""53965"",""state"":""WI"",""street"":""206 De Korra Ln""}",(555) 361-4968,,(555) 871-8564,(555) 581-6215,,,,jeri.stello@example.com,,,,Phone Inquiry,1994-01-05,,0050U000002fKJPQA2,2020-03-12T23:06:15.000+0000,0050U000002fKJPQA2,2020-03-12T23:06:15.000+0000,0050U000002fKJPQA2,2020-03-12T23:06:15.000+0000,,,,2020-03-12T23:06:15.000+0000,2020-03-12T23:06:15.000+0000,,,,/services/images/photo/0030U00000oJwBtQAK,,,Pending,,
0030U00000oJwBuQAK,,,0010U00000zqsJfQAI,Besemer,Verena,,Verena Besemer,307 Bentley Manor,Shavano Park,TX,78249,USA,,,,"{""city"":""Shavano Park"",""country"":""USA"",""geocodeAccuracy"":null,""latitude"":null,""longitude"":null,""postalCode"":""78249"",""state"":""TX"",""street"":""307 Bentley Manor""}",307 Bentley Manor,Shavano Park,TX,78249,USA,,,,"{""city"":""Shavano Park"",""country"":""USA"",""geocodeAccuracy"":null,""latitude"":null,""longitude"":null,""postalCode"":""78249"",""state"":""TX"",""street"":""307 Bentley Manor""}",(555) 157-9509,,(555) 666-5592,(555) 757-9126,,,,verena.besemer@example.com,,,,Phone Inquiry,1978-10-14,,0050U000002fKJPQA2,2020-03-12T23:06:15.000+0000,0050U000002fKJPQA2,2020-03-12T23:06:15.000+0000,0050U000002fKJPQA2,2020-03-12T23:06:15.000+0000,,,,2020-03-12T23:06:15.000+0000,2020-03-12T23:06:15.000+0000,,,,/services/images/photo/0030U00000oJwBuQAK,,,Pending,,
0030U00000oJwBvQAK,,,0010U00000zqsJgQAI,Berling,Magdalena,,Magdalena Berling,300 Spectrum Center Drive,Irvine,CA,92618,USA,,,,"{""city"":""Irvine"",""country"":""USA"",""geocodeAccuracy"":null,""latitude"":null,""longitude"":null,""postalCode"":""92618"",""state"":""CA"",""street"":""300 Spectrum Center Drive""}",300 Spectrum Center Drive,Irvine,CA,92618,USA,,,,"{""city"":""Irvine"",""country"":""USA"",""geocodeAccuracy"":null,""latitude"":null,""longitude"":null,""postalCode"":""92618"",""state"":""CA"",""street"":""300 Spectrum Center Drive""}",(555) 143-6256,,(555) 823-4156,(555) 797-6149,,,,magdalena.berling@example.com,,,,Other,1940-01-22,,0050U000002fKJPQA2,2020-03-12T23:06:15.000+0000,0050U000002fKJPQA2,2020-03-12T23:06:15.000+0000,0050U000002fKJPQA2,2020-03-12T23:06:15.000+0000,,,,2020-03-12T23:06:15.000+0000,2020-03-12T23:06:15.000+0000,,,,/services/images/photo/0030U00000oJwBvQAK,,,Pending,,
0030U00000oJwBwQAK,,,0010U00000zqsJhQAI,Marcano,Luigi,,Luigi Marcano,658 Gibraltar Ct,Milpitas,CA,95035,USA,,,,"{""city"":""Milpitas"",""country"":""USA"",""geocodeAccuracy"":null,""latitude"":null,""longitude"":null,""postalCode"":""95035"",""state"":""CA"",""street"":""658 Gibraltar Ct""}",658 Gibraltar Ct,Milpitas,CA,95035,USA,,,,"{""city"":""Milpitas"",""country"":""USA"",""geocodeAccuracy"":null,""latitude"":null,""longitude"":null,""postalCode"":""95035"",""state"":""CA"",""street"":""658 Gibraltar Ct""}",(555) 132-8222,,(555) 946-7558,(555) 643-7380,,,,luigi.marcano@example.com,,,,Web,1961-10-14,,0050U000002fKJPQA2,2020-03-12T23:06:15.000+0000,0050U000002fKJPQA2,2020-03-12T23:06:15.000+0000,0050U000002fKJPQA2,2020-03-12T23:06:15.000+0000,,,,2020-03-12T23:06:15.000+0000,2020-03-12T23:06:15.000+0000,,,,/services/images/photo/0030U00000oJwBwQAK,,,Pending,,
0030U00000oJwBxQAK,,,0010U00000zqsJiQAI,Mizzell,Kourtney,,Kourtney Mizzell,950 East Paces Ferry Road NE,Atlanta,GA,30326,USA,,,,"{""city"":""Atlanta"",""country"":""USA"",""geocodeAccuracy"":null,""latitude"":null,""longitude"":null,""postalCode"":""30326"",""state"":""GA"",""street"":""950 East Paces Ferry Road NE""}",950 East Paces Ferry Road NE,Atlanta,GA,30326,USA,,,,"{""city"":""Atlanta"",""country"":""USA"",""geocodeAccuracy"":null,""latitude"":null,""longitude"":null,""postalCode"":""30326"",""state"":""GA"",""street"":""950 East Paces Ferry Road NE""}",(555) 495-2963,,(555) 470-9665,(555) 347-3645,,,,kourtney.mizzell@example.com,,,,Other,1973-06-01,,0050U000002fKJPQA2,2020-03-12T23:06:15.000+0000,0050U000002fKJPQA2,2020-03-12T23:06:15.000+0000,0050U000002fKJPQA2,2020-03-12T23:06:15.000+0000,,,,2020-03-12T23:06:15.000+0000,2020-03-12T23:06:15.000+0000,,,,/services/images/photo/0030U00000oJwBxQAK,,,Pending,,
0030U00000oJwByQAK,,,0010U00000zqsJjQAI,Decker,Nanette,,Nanette Decker,1335 Madison St NE,Salem,OR,97301,USA,,,,"{""city"":""Salem"",""country"":""USA"",""geocodeAccuracy"":null,""latitude"":null,""longitude"":null,""postalCode"":""97301"",""state"":""OR"",""street"":""1335 Madison St NE""}",1335 Madison St NE,Salem,OR,97301,USA,,,,"{""city"":""Salem"",""country"":""USA"",""geocodeAccuracy"":null,""latitude"":null,""longitude"":null,""postalCode"":""97301"",""state"":""OR"",""street"":""1335 Madison St NE""}",(555) 756-6609,,(555) 175-7975,(555) 354-9608,,,,nanette.decker@example.com,,,,Other,1968-01-25,,0050U000002fKJPQA2,2020-03-12T23:06:15.000+0000,0050U000002fKJPQA2,2020-03-12T23:06:15.000+0000,0050U000002fKJPQA2,2020-03-12T23:06:15.000+0000,,,,2020-03-12T23:06:15.000+0000,2020-03-12T23:06:15.000+0000,,,,/services/images/photo/0030U00000oJwByQAK,,,Pending,,
0030U00000oJwBzQAK,,,0010U00000zqsJkQAI,Radick,Brigid,,Brigid Radick,7926 Droege Road,Decatur,IN,46733,USA,,,,"{""city"":""Decatur"",""country"":""USA"",""geocodeAccuracy"":null,""latitude"":null,""longitude"":null,""postalCode"":""46733"",""state"":""IN"",""street"":""7926 Droege Road""}",7926 Droege Road,Decatur,IN,46733,USA,,,,"{""city"":""Decatur"",""country"":""USA"",""geocodeAccuracy"":null,""latitude"":null,""longitude"":null,""postalCode"":""46733"",""state"":""IN"",""street"":""7926 Droege Road""}",(555) 480-4114,,(555) 849-7881,(555) 993-8238,,,,brigid.radick@example.com,,,,Partner Referral,1946-10-18,,0050U000002fKJPQA2,2020-03-12T23:06:15.000+0000,0050U000002fKJPQA2,2020-03-12T23:06:15.000+0000,0050U000002fKJPQA2,2020-03-12T23:06:15.000+0000,,,,2020-03-12T23:06:15.000+0000,2020-03-12T23:06:15.000+0000,,,,/services/images/photo/0030U00000oJwBzQAK,,,Pending,,
0030U00000oJwC0QAK,,,0010U00000zqsJlQAI,Pankey,Bud,,Bud Pankey,2035 NE Cornelius Pass Road,Hillsboro,OR,97124,USA,,,,"{""city"":""Hillsboro"",""country"":""USA"",""geocodeAccuracy"":null,""latitude"":null,""longitude"":null,""postalCode"":""97124"",""state"":""OR"",""street"":""2035 NE Cornelius Pass Road""}",2035 NE Cornelius Pass Road,Hillsboro,OR,97124,USA,,,,"{""city"":""Hillsboro"",""country"":""USA"",""geocodeAccuracy"":null,""latitude"":null,""longitude"":null,""postalCode"":""97124"",""state"":""OR"",""street"":""2035 NE Cornelius Pass Road""}",(555) 709-9310,,(555) 486-7515,(555) 601-2840,,,,bud.pankey@example.com,,,,Partner Referral,1957-05-06,,0050U000002fKJPQA2,2020-03-12T23:06:15.000+0000,0050U000002fKJPQA2,2020-03-12T23:06:15.000+0000,0050U000002fKJPQA2,2020-03-12T23:06:15.000+0000,,,,2020-03-12T23:06:15.000+0000,2020-03-12T23:06:15.000+0000,,,,/services/images/photo/0030U00000oJwC0QAK,,,Pending,,
0030U00000oJwC1QAK,,,0010U00000zqsJmQAI,Marchall,Modesto,,Modesto Marchall,23 Browns Lake Road,Helmville,MT,59843,USA,,,,"{""city"":""Helmville"",""country"":""USA"",""geocodeAccuracy"":null,""latitude"":null,""longitude"":null,""postalCode"":""59843"",""state"":""MT"",""street"":""23 Browns Lake Road""}",23 Browns Lake Road,Helmville,MT,59843,USA,,,,"{""city"":""Helmville"",""country"":""USA"",""geocodeAccuracy"":null,""latitude"":null,""longitude"":null,""postalCode"":""59843"",""state"":""MT"",""street"":""23 Browns Lake Road""}",(555) 419-2395,,(555) 162-3917,(555) 223-5137,,,,modesto.marchall@example.com,,,,Partner Referral,1949-04-01,,0050U000002fKJPQA2,2020-03-12T23:06:15.000+0000,0050U000002fKJPQA2,2020-03-12T23:06:15.000+0000,0050U000002fKJPQA2,2020-03-12T23:06:15.000+0000,,,,2020-03-12T23:06:15.000+0000,2020-03-12T23:06:15.000+0000,,,,/services/images/photo/0030U00000oJwC1QAK,,,Pending,,
0030U00000oJwC2QAK,,,0010U00000zqsJnQAI,Liszewski,Edda,,Edda Liszewski,1541 E 4th St,Casper,WY,82601,USA,,,,"{""city"":""Casper"",""country"":""USA"",""geocodeAccuracy"":null,""latitude"":null,""longitude"":null,""postalCode"":""82601"",""state"":""WY"",""street"":""1541 E 4th St""}",1541 E 4th St,Casper,WY,82601,USA,,,,"{""city"":""Casper"",""country"":""USA"",""geocodeAccuracy"":null,""latitude"":null,""longitude"":null,""postalCode"":""82601"",""state"":""WY"",""street"":""1541 E 4th St""}",(555) 403-2933,,(555) 943-5265,(555) 467-2571,,,,edda.liszewski@example.com,,,,Phone Inquiry,1973-03-04,,0050U000002fKJPQA2,2020-03-12T23:06:15.000+0000,0050U000002fKJPQA2,2020-03-12T23:06:15.000+0000,0050U000002fKJPQA2,2020-03-12T23:06:15.000+0000,,,,2020-03-12T23:06:15.000+0000,2020-03-12T23:06:15.000+0000,,,,/services/images/photo/0030U00000oJwC2QAK,,,Pending,,
0030U00000oJwC3QAK,,,0010U00000zqsJoQAI,Shoman,Geraldo,,Geraldo Shoman,111 Monument Circle,Indianapolis,IN,46204,USA,,,,"{""city"":""Indianapolis"",""country"":""USA"",""geocodeAccuracy"":null,""latitude"":null,""longitude"":null,""postalCode"":""46204"",""state"":""IN"",""street"":""111 Monument Circle""}",111 Monument Circle,Indianapolis,IN,46204,USA,,,,"{""city"":""Indianapolis"",""country"":""USA"",""geocodeAccuracy"":null,""latitude"":null,""longitude"":null,""postalCode"":""46204"",""state"":""IN"",""street"":""111 Monument Circle""}",(555) 923-5892,,(555) 794-3242,(555) 797-3971,,,,geraldo.shoman@example.com,,,,Partner Referral,1969-09-15,,0050U000002fKJPQA2,2020-03-12T23:06:15.000+0000,0050U000002fKJPQA2,2020-03-12T23:06:15.000+0000,0050U000002fKJPQA2,2020-03-12T23:06:15.000+0000,,,,2020-03-12T23:06:15.000+0000,2020-03-12T23:06:15.000+0000,,,,/services/images/photo/0030U00000oJwC3QAK,,,Pending,,
0030U00000oJwC4QAK,,,0010U00000zqsJpQAI,Etchells,Cierra,,Cierra Etchells,1012 Grand River Dr NE,Ada,MI,49301,USA,,,,"{""city"":""Ada"",""country"":""USA"",""geocodeAccuracy"":null,""latitude"":null,""longitude"":null,""postalCode"":""49301"",""state"":""MI"",""street"":""1012 Grand River Dr NE""}",1012 Grand River Dr NE,Ada,MI,49301,USA,,,,"{""city"":""Ada"",""country"":""USA"",""geocodeAccuracy"":null,""latitude"":null,""longitude"":null,""postalCode"":""49301"",""state"":""MI"",""street"":""1012 Grand River Dr NE""}",(555) 920-8183,,(555) 900-2745,(555) 397-6005,,,,cierra.etchells@example.com,,,,Partner Referral,1952-12-28,,0050U000002fKJPQA2,2020-03-12T23:06:15.000+0000,0050U000002fKJPQA2,2020-03-12T23:06:15.000+0000,0050U000002fKJPQA2,2020-03-12T23:06:15.000+0000,,,,2020-03-12T23:06:15.000+0000,2020-03-12T23:06:15.000+0000,,,,/services/images/photo/0030U00000oJwC4QAK,,,Pending,,
0030U00000oJwC5QAK,,,0010U00000zqsJqQAI,Fumero,Johnetta,,Johnetta Fumero,300 Spectrum Center Drive,Irvine,CA,92618,USA,,,,"{""city"":""Irvine"",""country"":""USA"",""geocodeAccuracy"":null,""latitude"":null,""longitude"":null,""postalCode"":""92618"",""state"":""CA"",""street"":""300 Spectrum Center Drive""}",300 Spectrum Center Drive,Irvine,CA,92618,USA,,,,"{""city"":""Irvine"",""country"":""USA"",""geocodeAccuracy"":null,""latitude"":null,""longitude"":null,""postalCode"":""92618"",""state"":""CA"",""street"":""300 Spectrum Center Drive""}",(555) 643-2825,,(555) 705-2591,(555) 817-8455,,,,johnetta.fumero@example.com,,,,Partner Referral,1955-02-14,,0050U000002fKJPQA2,2020-03-12T23:06:15.000+0000,0050U000002fKJPQA2,2020-03-12T23:06:15.000+0000,0050U000002fKJPQA2,2020-03-12T23:06:15.000+0000,,,,2020-03-12T23:06:15.000+0000,2020-03-12T23:06:15.000+0000,,,,/services/images/photo/0030U00000oJwC5QAK,,,Pending,,
0030U00000oJwC6QAK,,,0010U00000zqsJrQAI,Lampton,Gloria,,Gloria Lampton,4766 E Whitmore Ave,Ceres,CA,95307,USA,,,,"{""city"":""Ceres"",""country"":""USA"",""geocodeAccuracy"":null,""latitude"":null,""longitude"":null,""postalCode"":""95307"",""state"":""CA"",""street"":""4766 E Whitmore Ave""}",4766 E Whitmore Ave,Ceres,CA,95307,USA,,,,"{""city"":""Ceres"",""country"":""USA"",""geocodeAccuracy"":null,""latitude"":null,""longitude"":null,""postalCode"":""95307"",""state"":""CA"",""street"":""4766 E Whitmore Ave""}",(555) 848-5965,,(555) 443-5982,(555) 678-3501,,,,gloria.lampton@example.com,,,,Phone Inquiry,2000-08-03,,0050U000002fKJPQA2,2020-03-12T23:06:15.000+0000,0050U000002fKJPQA2,2020-03-12T23:06:15.000+0000,0050U000002fKJPQA2,2020-03-12T23:06:15.000+0000,,,,2020-03-12T23:06:15.000+0000,2020-03-12T23:06:15.000+0000,,,,/services/images/photo/0030U00000oJwC6QAK,,,Pending,,
0030U00000oJwC7QAK,,,0010U00000zqsJsQAI,Okelley,Jacqulyn,,Jacqulyn Okelley,4561 Springdale Rd,Millbrook,AL,36054,USA,,,,"{""city"":""Millbrook"",""country"":""USA"",""geocodeAccuracy"":null,""latitude"":null,""longitude"":null,""postalCode"":""36054"",""state"":""AL"",""street"":""4561 Springdale Rd""}",4561 Springdale Rd,Millbrook,AL,36054,USA,,,,"{""city"":""Millbrook"",""country"":""USA"",""geocodeAccuracy"":null,""latitude"":null,""longitude"":null,""postalCode"":""36054"",""state"":""AL"",""street"":""4561 Springdale Rd""}",(555) 251-6700,,(555) 391-9652,(555) 441-5957,,,,jacqulyn.okelley@example.com,,,,Partner Referral,1956-12-11,,0050U000002fKJPQA2,2020-03-12T23:06:15.000+0000,0050U000002fKJPQA2,2020-03-12T23:06:15.000+0000,0050U000002fKJPQA2,2020-03-12T23:06:15.000+0000,,,,2020-03-12T23:06:15.000+0000,2020-03-12T23:06:15.000+0000,,,,/services/images/photo/0030U00000oJwC7QAK,,,Pending,,
0030U00000oJwC8QAK,,,0010U00000zqsJtQAI,Simpkin,Vergie,,Vergie Simpkin,4766 E Whitmore Ave,Ceres,CA,95307,USA,,,,"{""city"":""Ceres"",""country"":""USA"",""geocodeAccuracy"":null,""latitude"":null,""longitude"":null,""postalCode"":""95307"",""state"":""CA"",""street"":""4766 E Whitmore Ave""}",4766 E Whitmore Ave,Ceres,CA,95307,USA,,,,"{""city"":""Ceres"",""country"":""USA"",""geocodeAccuracy"":null,""latitude"":null,""longitude"":null,""postalCode"":""95307"",""state"":""CA"",""street"":""4766 E Whitmore Ave""}",(555) 541-2711,,(555) 133-7757,(555) 847-4470,,,,vergie.simpkin@example.com,,,,Web,1966-08-09,,0050U000002fKJPQA2,2020-03-12T23:06:15.000+0000,0050U000002fKJPQA2,2020-03-12T23:06:15.000+0000,0050U000002fKJPQA2,2020-03-12T23:06:15.000+0000,,,,2020-03-12T23:06:15.000+0000,2020-03-12T23:06:15.000+0000,,,,/services/images/photo/0030U00000oJwC8QAK,,,Pending,,
0030U00000oJwC9QAK,,,0010U00000zqsJuQAI,Cleavenger,Brooks,,Brooks Cleavenger,620 N Westmoreland Rd,DeSoto,TX,75115,USA,,,,"{""city"":""DeSoto"",""country"":""USA"",""geocodeAccuracy"":null,""latitude"":null,""longitude"":null,""postalCode"":""75115"",""state"":""TX"",""street"":""620 N Westmoreland Rd""}",620 N Westmoreland Rd,DeSoto,TX,75115,USA,,,,"{""city"":""DeSoto"",""country"":""USA"",""geocodeAccuracy"":null,""latitude"":null,""longitude"":null,""postalCode"":""75115"",""state"":""TX"",""street"":""620 N Westmoreland Rd""}",(555) 737-5980,,(555) 793-7997,(555) 506-5175,,,,brooks.cleavenger@example.com,,,,Phone Inquiry,1947-12-30,,0050U000002fKJPQA2,2020-03-12T23:06:15.000+0000,0050U000002fKJPQA2,2020-03-12T23:06:15.000+0000,0050U000002fKJPQA2,2020-03-12T23:06:15.000+0000,,,,2020-03-12T23:06:15.000+0000,2020-03-12T23:06:15.000+0000,,,,/services/images/photo/0030U00000oJwC9QAK,,,Pending,,
0030U00000oJwCAQA0,,,0010U00000zqsJvQAI,Blackson,Georgiann,,Georgiann Blackson,542 Candido Hills,Miles City,MT,59301,USA,,,,"{""city"":""Miles City"",""country"":""USA"",""geocodeAccuracy"":null,""latitude"":null,""longitude"":null,""postalCode"":""59301"",""state"":""MT"",""street"":""542 Candido Hills""}",542 Candido Hills,Miles City,MT,59301,USA,,,,"{""city"":""Miles City"",""country"":""USA"",""geocodeAccuracy"":null,""latitude"":null,""longitude"":null,""postalCode"":""59301"",""state"":""MT"",""street"":""542 Candido Hills""}",(555) 981-3250,,(555) 839-8901,(555) 764-2091,,,,georgiann.blackson@example.com,,,,Partner Referral,1975-02-24,,0050U000002fKJPQA2,2020-03-12T23:06:15.000+0000,0050U000002fKJPQA2,2020-03-12T23:06:15.000+0000,0050U000002fKJPQA2,2020-03-12T23:06:15.000+0000,,,,2020-03-12T23:06:15.000+0000,2020-03-12T23:06:15.000+0000,,,,/services/images/photo/0030U00000oJwCAQA0,,,Pending,,
0030U00000oJwCBQA0,,,0010U00000zqsJwQAI,Weinreb,Iesha,,Iesha Weinreb,1095 Avenue of the Americas,New York,NY,10036,USA,,,,"{""city"":""New York"",""country"":""USA"",""geocodeAccuracy"":null,""latitude"":null,""longitude"":null,""postalCode"":""10036"",""state"":""NY"",""street"":""1095 Avenue of the Americas""}",1095 Avenue of the Americas,New York,NY,10036,USA,,,,"{""city"":""New York"",""country"":""USA"",""geocodeAccuracy"":null,""latitude"":null,""longitude"":null,""postalCode"":""10036"",""state"":""NY"",""street"":""1095 Avenue of the Americas""}",(555) 864-4195,,(555) 792-9864,(555) 210-2603,,,,iesha.weinreb@example.com,,,,Web,1980-10-29,,0050U000002fKJPQA2,2020-03-12T23:06:15.000+0000,0050U000002fKJPQA2,2020-03-12T23:06:15.000+0000,0050U000002fKJPQA2,2020-03-12T23:06:15.000+0000,,,,2020-03-12T23:06:15.000+0000,2020-03-12T23:06:15.000+0000,,,,/services/images/photo/0030U00000oJwCBQA0,,,Pending,,
0030U00000oJwCCQA0,,,0010U00000zqsJxQAI,Dymond,Clare,,Clare Dymond,174 Unnamed Road,Youngstown,FL,32466,USA,,,,"{""city"":""Youngstown"",""country"":""USA"",""geocodeAccuracy"":null,""latitude"":null,""longitude"":null,""postalCode"":""32466"",""state"":""FL"",""street"":""174 Unnamed Road""}",174 Unnamed Road,Youngstown,FL,32466,USA,,,,"{""city"":""Youngstown"",""country"":""USA"",""geocodeAccuracy"":null,""latitude"":null,""longitude"":null,""postalCode"":""32466"",""state"":""FL"",""street"":""174 Unnamed Road""}",(555) 135-9961,,(555) 703-5898,(555) 187-2796,,,,clare.dymond@example.com,,,,Phone Inquiry,1941-05-16,,0050U000002fKJPQA2,2020-03-12T23:06:15.000+0000,0050U000002fKJPQA2,2020-03-12T23:06:15.000+0000,0050U000002fKJPQA2,2020-03-12T23:06:15.000+0000,,,,2020-03-12T23:06:15.000+0000,2020-03-12T23:06:15.000+0000,,,,/services/images/photo/0030U00000oJwCCQA0,,,Pending,,
0030U00000oJwCDQA0,,,0010U00000zqsJyQAI,Coggeshall,Lu,,Lu Coggeshall,551 Oakdale Rd,Jamestown,NC,27282,USA,,,,"{""city"":""Jamestown"",""country"":""USA"",""geocodeAccuracy"":null,""latitude"":null,""longitude"":null,""postalCode"":""27282"",""state"":""NC"",""street"":""551 Oakdale Rd""}",551 Oakdale Rd,Jamestown,NC,27282,USA,,,,"{""city"":""Jamestown"",""country"":""USA"",""geocodeAccuracy"":null,""latitude"":null,""longitude"":null,""postalCode"":""27282"",""state"":""NC"",""street"":""551 Oakdale Rd""}",(555) 240-7975,,(555) 597-9255,(555) 437-2785,,,,lu.coggeshall@example.com,,,,Phone Inquiry,1968-05-28,,0050U000002fKJPQA2,2020-03-12T23:06:15.000+0000,0050U000002fKJPQA2,2020-03-12T23:06:15.000+0000,0050U000002fKJPQA2,2020-03-12T23:06:15.000+0000,,,,2020-03-12T23:06:15.000+0000,2020-03-12T23:06:15.000+0000,,,,/services/images/photo/0030U00000oJwCDQA0,,,Pending,,
0030U00000oJwCEQA0,,,0010U00000zqsJzQAI,Hagans,Jake,,Jake Hagans,6 Morningview Cir,Lake Oswego,OR,97035,USA,,,,"{""city"":""Lake Oswego"",""country"":""USA"",""geocodeAccuracy"":null,""latitude"":null,""longitude"":null,""postalCode"":""97035"",""state"":""OR"",""street"":""6 Morningview Cir""}",6 Morningview Cir,Lake Oswego,OR,97035,USA,,,,"{""city"":""Lake Oswego"",""country"":""USA"",""geocodeAccuracy"":null,""latitude"":null,""longitude"":null,""postalCode"":""97035"",""state"":""OR"",""street"":""6 Morningview Cir""}",(555) 183-8111,,(555) 704-8446,(555) 702-7435,,,,jake.hagans@example.com,,,,Phone Inquiry,1990-04-02,,0050U000002fKJPQA2,2020-03-12T23:06:21.000+0000,0050U000002fKJPQA2,2020-03-12T23:06:21.000+0000,0050U000002fKJPQA2,2020-03-12T23:06:21.000+0000,,,,2020-03-12T23:06:21.000+0000,2020-03-12T23:06:21.000+0000,,,,/services/images/photo/0030U00000oJwCEQA0,,,Pending,,
